MUNICIPALITY,,,,VISIT DATA,,,,RESTAURANT LINK,,WIKIPEDIA,INSTAGRAM,,,,TIKTOK,,,,YOUTUBE,,,,THREADS,,,,BLUESKY,,,,FACEBOOK,,,,EXTRA / OVERFLOW LINKS,,,,,,,,,,,
name,county,geoid,townType,status,visitNumber,restaurantName,dateVisited,restaurant_label,restaurant_url,wikipedia_url,instagram1_label,instagram1_url,instagram2_label,instagram2_url,tiktok1_label,tiktok1_url,tiktok2_label,tiktok2_url,youtube1_label,youtube1_url,youtube2_label,youtube2_url,threads1_label,threads1_url,threads2_label,threads2_url,bluesky1_label,bluesky1_url,bluesky2_label,bluesky2_url,facebook1_label,facebook1_url,facebook2_label,facebook2_url,extra1_category,extra1_platform,extra1_label,extra1_url,extra2_category,extra2_platform,extra2_label,extra2_url,extra3_category,extra3_platform,extra3_label,extra3_url
Aberdeen,Monmouth,3402500070,township,unvisited,,,,,,"https://en.wikipedia.org/wiki/Aberdeen_Township,_New_Jersey",,,,,,,,,,,,,,,,,,,,,,,,,,,,,,,,,,,,
Absecon,Atlantic,3400100100,city,unvisited,,,,,,"https://en.wikipedia.org/wiki/Absecon,_New_Jersey",,,,,,,,,,,,,,,,,,,,,,,,,,,,,,,,,,,,
Alexandria,Hunterdon,3401900550,township,unvisited,,,,,,"https://en.wikipedia.org/wiki/Alexandria_Township,_New_Jersey",,,,,,,,,,,,,,,,,,,,,,,,,,,,,,,,,,,,
Allamuchy,Warren,3404100670,township,unvisited,,,,,,"https://en.wikipedia.org/wiki/Allamuchy_Township,_New_Jersey",,,,,,,,,,,,,,,,,,,,,,,,,,,,,,,,,,,,
Allendale,Bergen,3400300700,borough,unvisited,,,,,,"https://en.wikipedia.org/wiki/Allendale,_New_Jersey",,,,,,,,,,,,,,,,,,,,,,,,,,,,,,,,,,,,
Allenhurst,Monmouth,3402500730,borough,visited,,,,,,"https://en.wikipedia.org/wiki/Allenhurst,_New_Jersey",,,,,,,,,,,,,,,,,,,,,,,,,,,Town #91,https://www.instagram.com/p/DDk5FqqxJAT/?img_index=1,,,,,,,,
Allentown,Monmouth,3402500760,borough,visited,,,,,,"https://en.wikipedia.org/wiki/Allentown,_New_Jersey",,,,,,,,,,,,,,,,,,,,,,,,,,,Town #96,https://www.instagram.com/p/DEnQVmrxshl/,,,,,,,,
Alloway,Salem,3403300880,township,unvisited,,,,,,"https://en.wikipedia.org/wiki/Alloway_Township,_New_Jersey",,,,,,,,,,,,,,,,,,,,,,,,,,,,,,,,,,,,
Alpha,Warren,3404101030,borough,unvisited,,,,,,"https://en.wikipedia.org/wiki/Alpha,_New_Jersey",,,,,,,,,,,,,,,,,,,,,,,,,,,,,,,,,,,,
Alpine,Bergen,3400301090,borough,unvisited,,,,,,"https://en.wikipedia.org/wiki/Alpine,_New_Jersey",,,,,,,,,,,,,,,,,,,,,,,,,,,,,,,,,,,,
Andover,Sussex,3403701330,borough,unvisited,,,,,,"https://en.wikipedia.org/wiki/Andover,_New_Jersey",,,,,,,,,,,,,,,,,,,,,,,,,,,,,,,,,,,,
Andover,Sussex,3403701360,township,unvisited,,,,,,"https://en.wikipedia.org/wiki/Andover_Township,_New_Jersey",,,,,,,,,,,,,,,,,,,,,,,,,,,,,,,,,,,,
Asbury Park,Monmouth,3402501960,city,unvisited,,,,,,"https://en.wikipedia.org/wiki/Asbury_Park,_New_Jersey",,,,,,,,,,,,,,,,,,,,,,,,,,,,,,,,,,,,
Atlantic City,Atlantic,3400102080,city,pre-challenge,,Amada,2019-06-23,Amada,https://www.theoceanac.com/restaurants/amada,"https://en.wikipedia.org/wiki/Atlantic_City,_New_Jersey",,,,,,,,,,,,,,,,,,,,,,,,,,,,,,,,,,,,
Atlantic Highlands,Monmouth,3402502110,borough,visited,,,,,,"https://en.wikipedia.org/wiki/Atlantic_Highlands,_New_Jersey",,,,,,,,,,,,,,,,,,,,,,,,,,,Town #89,https://www.instagram.com/p/DDV4lsBxiYH/,,,,,,,,
Audubon,Camden,3400702200,borough,unvisited,,,,,,"https://en.wikipedia.org/wiki/Audubon,_New_Jersey",,,,,,,,,,,,,,,,,,,,,,,,,,,,,,,,,,,,
Audubon Park,Camden,3400702230,borough,unvisited,,,,,,"https://en.wikipedia.org/wiki/Audubon_Park,_New_Jersey",,,,,,,,,,,,,,,,,,,,,,,,,,,,,,,,,,,,
Avalon,Cape May,3400902320,borough,unvisited,,,,,,"https://en.wikipedia.org/wiki/Avalon,_New_Jersey",,,,,,,,,,,,,,,,,,,,,,,,,,,,,,,,,,,,
Avon-by-the-Sea,Monmouth,3402502440,borough,visited,,,,,,"https://en.wikipedia.org/wiki/Avon-by-the-Sea,_New_Jersey",,,,,,,,,,,,,,,,,,,,,,,,,,,Town #104,https://www.instagram.com/p/DF0YLZfxU-q/,,,,,,,,
Barnegat,Ocean,3402903050,township,unvisited,,,,,,"https://en.wikipedia.org/wiki/Barnegat_Township,_New_Jersey",,,,,,,,,,,,,,,,,,,,,,,,,,,,,,,,,,,,
Barnegat Light,Ocean,3402903130,borough,unvisited,,,,,,"https://en.wikipedia.org/wiki/Barnegat_Light,_New_Jersey",,,,,,,,,,,,,,,,,,,,,,,,,,,,,,,,,,,,
Barrington,Camden,3400703250,borough,unvisited,,,,,,"https://en.wikipedia.org/wiki/Barrington,_New_Jersey",,,,,,,,,,,,,,,,,,,,,,,,,,,,,,,,,,,,
Bass River,Burlington,3400503370,township,unvisited,,,,,,"https://en.wikipedia.org/wiki/Bass_River_Township,_New_Jersey",,,,,,,,,,,,,,,,,,,,,,,,,,,,,,,,,,,,
Bay Head,Ocean,3402903520,borough,unvisited,,,,,,"https://en.wikipedia.org/wiki/Bay_Head,_New_Jersey",,,,,,,,,,,,,,,,,,,,,,,,,,,,,,,,,,,,
Bayonne,Hudson,3401703580,city,unvisited,,,,,,"https://en.wikipedia.org/wiki/Bayonne,_New_Jersey",,,,,,,,,,,,,,,,,,,,,,,,,,,,,,,,,,,,
Beach Haven,Ocean,3402903940,borough,unvisited,,,,,,"https://en.wikipedia.org/wiki/Beach_Haven,_New_Jersey",,,,,,,,,,,,,,,,,,,,,,,,,,,,,,,,,,,,
Beachwood,Ocean,3402904180,borough,visited,,,,,,"https://en.wikipedia.org/wiki/Beachwood,_New_Jersey",,,,,,,,,,,,,,,,,,,,,,,,,,,Town #124,https://www.instagram.com/p/DRXTcRNEbbt/,,,Town #124 - Bonus Town Trivia,https://www.instagram.com/p/DRpKS1OES5O/?img_index=1,,,,
Bedminster,Somerset,3403504450,township,unvisited,,,,,,"https://en.wikipedia.org/wiki/Bedminster_Township,_New_Jersey",,,,,,,,,,,,,,,,,,,,,,,,,,,,,,,,,,,,
Belleville,Essex,3401304695,township,unvisited,,,,,,"https://en.wikipedia.org/wiki/Belleville_Township,_New_Jersey",,,,,,,,,,,,,,,,,,,,,,,,,,,,,,,,,,,,
Bellmawr,Camden,3400704750,borough,unvisited,,,,,,"https://en.wikipedia.org/wiki/Bellmawr,_New_Jersey",,,,,,,,,,,,,,,,,,,,,,,,,,,,,,,,,,,,
Belmar,Monmouth,3402504930,borough,unvisited,,,,,,"https://en.wikipedia.org/wiki/Belmar,_New_Jersey",,,,,,,,,,,,,,,,,,,,,,,,,,,,,,,,,,,,
Belvidere,Warren,3404104990,town,queued,236,Uncle Buck's Diner,2024-10-06,,,"https://en.wikipedia.org/wiki/Belvidere,_New_Jersey",,,,,,,,,,,,,,,,,,,,,,,,,,,,,,,,,,,,
Bergenfield,Bergen,3400305170,borough,unvisited,,,,,,"https://en.wikipedia.org/wiki/Bergenfield,_New_Jersey",,,,,,,,,,,,,,,,,,,,,,,,,,,,,,,,,,,,
Berkeley,Ocean,3402905305,township,unvisited,,,,,,"https://en.wikipedia.org/wiki/Berkeley_Township,_New_Jersey",,,,,,,,,,,,,,,,,,,,,,,,,,,,,,,,,,,,
Berkeley Heights,Union,3403905320,township,unvisited,,,,,,"https://en.wikipedia.org/wiki/Berkeley_Heights_Township,_New_Jersey",,,,,,,,,,,,,,,,,,,,,,,,,,,,,,,,,,,,
Berlin,Camden,3400705440,borough,unvisited,,,,,,"https://en.wikipedia.org/wiki/Berlin,_New_Jersey",,,,,,,,,,,,,,,,,,,,,,,,,,,,,,,,,,,,
Berlin,Camden,3400705470,township,unvisited,,,,,,"https://en.wikipedia.org/wiki/Berlin_Township,_New_Jersey",,,,,,,,,,,,,,,,,,,,,,,,,,,,,,,,,,,,
Bernards,Somerset,3403505560,township,unvisited,,,,,,"https://en.wikipedia.org/wiki/Bernards_Township,_New_Jersey",,,,,,,,,,,,,,,,,,,,,,,,,,,,,,,,,,,,
Bernardsville,Somerset,3403505590,borough,visited,,,,,,"https://en.wikipedia.org/wiki/Bernardsville,_New_Jersey",,,,,,,,,,,,,,,,,,,,,,,,,,,Town #283 - We're HALF WAY THERE!,https://www.instagram.com/p/DQDBhbzkdDf/,,,,,,,,
Bethlehem,Hunterdon,3401905650,township,unvisited,,,,,,"https://en.wikipedia.org/wiki/Bethlehem_Township,_New_Jersey",,,,,,,,,,,,,,,,,,,,,,,,,,,,,,,,,,,,
Beverly,Burlington,3400505740,city,unvisited,,,,,,"https://en.wikipedia.org/wiki/Beverly,_New_Jersey",,,,,,,,,,,,,,,,,,,,,,,,,,,,,,,,,,,,
Blairstown,Warren,3404106160,township,visited,,,,,,"https://en.wikipedia.org/wiki/Blairstown_Township,_New_Jersey",,,,,,,,,,,,,,,,,,,,,,,,,,,Town #123,https://www.instagram.com/p/DQo0IldESTD/,,,Town #123 - Bonus Town Trivia,https://www.instagram.com/p/DQ5er_aETGV/?img_index=1,,,,
Bloomfield,Essex,3401306260,township,unvisited,,,,,,"https://en.wikipedia.org/wiki/Bloomfield_Township,_New_Jersey",,,,,,,,,,,,,,,,,,,,,,,,,,,,,,,,,,,,
Bloomingdale,Passaic,3403106340,borough,unvisited,,,,,,"https://en.wikipedia.org/wiki/Bloomingdale,_New_Jersey",,,,,,,,,,,,,,,,,,,,,,,,,,,,,,,,,,,,
Bloomsbury,Hunterdon,3401906370,borough,unvisited,,,,,,"https://en.wikipedia.org/wiki/Bloomsbury,_New_Jersey",,,,,,,,,,,,,,,,,,,,,,,,,,,,,,,,,,,,
Bogota,Bergen,3400306490,borough,unvisited,,,,,,"https://en.wikipedia.org/wiki/Bogota,_New_Jersey",,,,,,,,,,,,,,,,,,,,,,,,,,,,,,,,,,,,
Boonton,Morris,3402706610,town,unvisited,,,,,,"https://en.wikipedia.org/wiki/Boonton,_New_Jersey",,,,,,,,,,,,,,,,,,,,,,,,,,,,,,,,,,,,
Boonton,Morris,3402706640,township,unvisited,,,,,,"https://en.wikipedia.org/wiki/Boonton_Township,_New_Jersey",,,,,,,,,,,,,,,,,,,,,,,,,,,,,,,,,,,,
Bordentown,Burlington,3400506670,city,unvisited,,,,,,"https://en.wikipedia.org/wiki/Bordentown,_New_Jersey",,,,,,,,,,,,,,,,,,,,,,,,,,,,,,,,,,,,
Bordentown,Burlington,3400506700,township,unvisited,,,,,,"https://en.wikipedia.org/wiki/Bordentown_Township,_New_Jersey",,,,,,,,,,,,,,,,,,,,,,,,,,,,,,,,,,,,
Bound Brook,Somerset,3403506790,borough,unvisited,,,,,,"https://en.wikipedia.org/wiki/Bound_Brook,_New_Jersey",,,,,,,,,,,,,,,,,,,,,,,,,,,,,,,,,,,,
Bradley Beach,Monmouth,3402506970,borough,unvisited,,,,,,"https://en.wikipedia.org/wiki/Bradley_Beach,_New_Jersey",,,,,,,,,,,,,,,,,,,,,,,,,,,,,,,,,,,,
Branchburg,Somerset,3403507180,township,unvisited,,,,,,"https://en.wikipedia.org/wiki/Branchburg_Township,_New_Jersey",,,,,,,,,,,,,,,,,,,,,,,,,,,,,,,,,,,,
Branchville,Sussex,3403707300,borough,unvisited,,,,,,"https://en.wikipedia.org/wiki/Branchville,_New_Jersey",,,,,,,,,,,,,,,,,,,,,,,,,,,,,,,,,,,,
Brick,Ocean,3402907420,township,visited,,,,,,"https://en.wikipedia.org/wiki/Brick_Township,_New_Jersey",,,,,,,,,,,,,,,,,,,,,,,,,,,Town #100,https://www.instagram.com/p/DFEijoOx9Ny/?img_index=1,,,,,,,,
Bridgeton,Cumberland,3401107600,city,unvisited,,,,,,"https://en.wikipedia.org/wiki/Bridgeton,_New_Jersey",,,,,,,,,,,,,,,,,,,,,,,,,,,,,,,,,,,,
Bridgewater,Somerset,3403507720,township,unvisited,,,,,,"https://en.wikipedia.org/wiki/Bridgewater_Township,_New_Jersey",,,,,,,,,,,,,,,,,,,,,,,,,,,,,,,,,,,,
Brielle,Monmouth,3402507750,borough,visited,,,,,,"https://en.wikipedia.org/wiki/Brielle,_New_Jersey",,,,,,,,,,,,,,,,,,,,,,,,,,,Town #110,https://www.instagram.com/p/DHjkZkOR_7P/,,,,,,,,
Brigantine,Atlantic,3400107810,city,pre-challenge,,Yianni's Café,2019-08-01,Yianni's Café,https://yianniscafeoc.com/,"https://en.wikipedia.org/wiki/Brigantine,_New_Jersey",,,,,,,,,,,,,,,,,,,,,,,,,,,,,,,,,,,,
Brooklawn,Camden,3400708170,borough,unvisited,,,,,,"https://en.wikipedia.org/wiki/Brooklawn,_New_Jersey",,,,,,,,,,,,,,,,,,,,,,,,,,,,,,,,,,,,
Buena,Atlantic,3400108680,borough,unvisited,,,,,,"https://en.wikipedia.org/wiki/Buena,_New_Jersey",,,,,,,,,,,,,,,,,,,,,,,,,,,,,,,,,,,,
Buena Vista,Atlantic,3400108710,township,unvisited,,,,,,"https://en.wikipedia.org/wiki/Buena_Vista_Township,_New_Jersey",,,,,,,,,,,,,,,,,,,,,,,,,,,,,,,,,,,,
Burlington,Burlington,3400508920,city,unvisited,,,,,,"https://en.wikipedia.org/wiki/Burlington,_New_Jersey",,,,,,,,,,,,,,,,,,,,,,,,,,,,,,,,,,,,
Burlington,Burlington,3400508950,township,unvisited,,,,,,"https://en.wikipedia.org/wiki/Burlington_Township,_New_Jersey",,,,,,,,,,,,,,,,,,,,,,,,,,,,,,,,,,,,
Butler,Morris,3402709040,borough,unvisited,,,,,,"https://en.wikipedia.org/wiki/Butler,_New_Jersey",,,,,,,,,,,,,,,,,,,,,,,,,,,,,,,,,,,,
Byram,Sussex,3403709160,township,unvisited,,,,,,"https://en.wikipedia.org/wiki/Byram_Township,_New_Jersey",,,,,,,,,,,,,,,,,,,,,,,,,,,,,,,,,,,,
Caldwell,Essex,3401309250,borough,unvisited,,,,,,"https://en.wikipedia.org/wiki/Caldwell,_New_Jersey",,,,,,,,,,,,,,,,,,,,,,,,,,,,,,,,,,,,
Califon,Hunterdon,3401909280,borough,unvisited,,,,,,"https://en.wikipedia.org/wiki/Califon,_New_Jersey",,,,,,,,,,,,,,,,,,,,,,,,,,,,,,,,,,,,
Camden,Camden,3400710000,city,unvisited,,,,,,"https://en.wikipedia.org/wiki/Camden,_New_Jersey",,,,,,,,,,,,,,,,,,,,,,,,,,,,,,,,,,,,
Cape May,Cape May,3400910270,city,pre-challenge,,Kohr Brother's,2017-07-03,Kohr Brother's,https://kohrbros.com,"https://en.wikipedia.org/wiki/Cape_May,_New_Jersey",,,,,,,,,,,,,,,,,,,,,,,,,,,,,,,,,,,,
Cape May Point,Cape May,3400910330,borough,unvisited,,,,,,"https://en.wikipedia.org/wiki/Cape_May_Point,_New_Jersey",,,,,,,,,,,,,,,,,,,,,,,,,,,,,,,,,,,,
Carlstadt,Bergen,3400310480,borough,unvisited,,,,,,"https://en.wikipedia.org/wiki/Carlstadt,_New_Jersey",,,,,,,,,,,,,,,,,,,,,,,,,,,,,,,,,,,,
Carneys Point,Salem,3403310610,township,unvisited,,,,,,"https://en.wikipedia.org/wiki/Carneys_Point_Township,_New_Jersey",,,,,,,,,,,,,,,,,,,,,,,,,,,,,,,,,,,,
Carteret,Middlesex,3402310750,borough,visited,,,,,,"https://en.wikipedia.org/wiki/Carteret,_New_Jersey",,,,,,,,,,,,,,,,,,,,,,,,,,,Town #93,https://www.instagram.com/p/DEVQTC0RUeV/,,,,,,,,
Cedar Grove,Essex,3401311200,township,unvisited,,,,,,"https://en.wikipedia.org/wiki/Cedar_Grove_Township,_New_Jersey",,,,,,,,,,,,,,,,,,,,,,,,,,,,,,,,,,,,
Chatham,Morris,3402712100,borough,unvisited,,,,,,"https://en.wikipedia.org/wiki/Chatham,_New_Jersey",,,,,,,,,,,,,,,,,,,,,,,,,,,,,,,,,,,,
Chatham,Morris,3402712130,township,unvisited,,,,,,"https://en.wikipedia.org/wiki/Chatham_Township,_New_Jersey",,,,,,,,,,,,,,,,,,,,,,,,,,,,,,,,,,,,
Cherry Hill,Camden,3400712280,township,unvisited,,,,,,"https://en.wikipedia.org/wiki/Cherry_Hill_Township,_New_Jersey",,,,,,,,,,,,,,,,,,,,,,,,,,,,,,,,,,,,
Chesilhurst,Camden,3400712550,borough,unvisited,,,,,,"https://en.wikipedia.org/wiki/Chesilhurst,_New_Jersey",,,,,,,,,,,,,,,,,,,,,,,,,,,,,,,,,,,,
Chester,Morris,3402712580,borough,unvisited,,,,,,"https://en.wikipedia.org/wiki/Chester,_New_Jersey",,,,,,,,,,,,,,,,,,,,,,,,,,,,,,,,,,,,
Chester,Morris,3402712610,township,unvisited,,,,,,"https://en.wikipedia.org/wiki/Chester_Township,_New_Jersey",,,,,,,,,,,,,,,,,,,,,,,,,,,,,,,,,,,,
Chesterfield,Burlington,3400512670,township,unvisited,,,,,,"https://en.wikipedia.org/wiki/Chesterfield_Township,_New_Jersey",,,,,,,,,,,,,,,,,,,,,,,,,,,,,,,,,,,,
Cinnaminson,Burlington,3400512940,township,unvisited,,,,,,"https://en.wikipedia.org/wiki/Cinnaminson_Township,_New_Jersey",,,,,,,,,,,,,,,,,,,,,,,,,,,,,,,,,,,,
City of Orange,Essex,3401313045,township,unvisited,,,,,,"https://en.wikipedia.org/wiki/City_of_Orange_Township,_New_Jersey",,,,,,,,,,,,,,,,,,,,,,,,,,,,,,,,,,,,
Clark,Union,3403913150,township,unvisited,,,,,,"https://en.wikipedia.org/wiki/Clark_Township,_New_Jersey",,,,,,,,,,,,,,,,,,,,,,,,,,,,,,,,,,,,
Clayton,Gloucester,3401513360,borough,unvisited,,,,,,"https://en.wikipedia.org/wiki/Clayton,_New_Jersey",,,,,,,,,,,,,,,,,,,,,,,,,,,,,,,,,,,,
Clementon,Camden,3400713420,borough,unvisited,,,,,,"https://en.wikipedia.org/wiki/Clementon,_New_Jersey",,,,,,,,,,,,,,,,,,,,,,,,,,,,,,,,,,,,
Cliffside Park,Bergen,3400313570,borough,unvisited,,,,,,"https://en.wikipedia.org/wiki/Cliffside_Park,_New_Jersey",,,,,,,,,,,,,,,,,,,,,,,,,,,,,,,,,,,,
Clifton,Passaic,3403113690,city,unvisited,,,,,,"https://en.wikipedia.org/wiki/Clifton,_New_Jersey",,,,,,,,,,,,,,,,,,,,,,,,,,,,,,,,,,,,
Clinton,Hunterdon,3401913720,town,visited,,,,,,"https://en.wikipedia.org/wiki/Clinton,_New_Jersey",,,,,,,,,,,,,,,,,,,,,,,,,,,Town #122,https://www.instagram.com/p/DOywgWSkaht/,,,Town #122 - Bonus Town Trivia,https://www.instagram.com/p/DO9FQC-kQeO/?img_index=1,,,,
Clinton,Hunterdon,3401913750,township,unvisited,,,,,,"https://en.wikipedia.org/wiki/Clinton_Township,_New_Jersey",,,,,,,,,,,,,,,,,,,,,,,,,,,,,,,,,,,,
Closter,Bergen,3400313810,borough,unvisited,,,,,,"https://en.wikipedia.org/wiki/Closter,_New_Jersey",,,,,,,,,,,,,,,,,,,,,,,,,,,,,,,,,,,,
Collingswood,Camden,3400714260,borough,unvisited,,,,,,"https://en.wikipedia.org/wiki/Collingswood,_New_Jersey",,,,,,,,,,,,,,,,,,,,,,,,,,,,,,,,,,,,
Colts Neck,Monmouth,3402514560,township,visited,,,,,,"https://en.wikipedia.org/wiki/Colts_Neck_Township,_New_Jersey",,,,,,,,,,,,,,,,,,,,,,,,,,,Town #90,https://www.instagram.com/p/DDbCxLgRuSh/?img_index=1,,,,,,,,
Commercial,Cumberland,3401114710,township,unvisited,,,,,,"https://en.wikipedia.org/wiki/Commercial_Township,_New_Jersey",,,,,,,,,,,,,,,,,,,,,,,,,,,,,,,,,,,,
Corbin City,Atlantic,3400115160,city,unvisited,,,,,,"https://en.wikipedia.org/wiki/Corbin_City,_New_Jersey",,,,,,,,,,,,,,,,,,,,,,,,,,,,,,,,,,,,
Cranbury,Middlesex,3402315550,township,visited,,,,,,"https://en.wikipedia.org/wiki/Cranbury_Township,_New_Jersey",,,,,,,,,,,,,,,,,,,,,,,,,,,Town #102,https://www.instagram.com/p/DFN3QFwxTTD/,,,,,,,,
Cranford,Union,3403915640,township,unvisited,,,,,,"https://en.wikipedia.org/wiki/Cranford_Township,_New_Jersey",,,,,,,,,,,,,,,,,,,,,,,,,,,,,,,,,,,,
Cresskill,Bergen,3400315820,borough,unvisited,,,,,,"https://en.wikipedia.org/wiki/Cresskill,_New_Jersey",,,,,,,,,,,,,,,,,,,,,,,,,,,,,,,,,,,,
Deal,Monmouth,3402516660,borough,unvisited,,,,,,"https://en.wikipedia.org/wiki/Deal,_New_Jersey",,,,,,,,,,,,,,,,,,,,,,,,,,,,,,,,,,,,
Deerfield,Cumberland,3401116900,township,unvisited,,,,,,"https://en.wikipedia.org/wiki/Deerfield_Township,_New_Jersey",,,,,,,,,,,,,,,,,,,,,,,,,,,,,,,,,,,,
Delanco,Burlington,3400517080,township,unvisited,,,,,,"https://en.wikipedia.org/wiki/Delanco_Township,_New_Jersey",,,,,,,,,,,,,,,,,,,,,,,,,,,,,,,,,,,,
Delaware,Hunterdon,3401917170,township,unvisited,,,,,,"https://en.wikipedia.org/wiki/Delaware_Township,_New_Jersey",,,,,,,,,,,,,,,,,,,,,,,,,,,,,,,,,,,,
Delran,Burlington,3400517440,township,unvisited,,,,,,"https://en.wikipedia.org/wiki/Delran_Township,_New_Jersey",,,,,,,,,,,,,,,,,,,,,,,,,,,,,,,,,,,,
Demarest,Bergen,3400317530,borough,unvisited,,,,,,"https://en.wikipedia.org/wiki/Demarest,_New_Jersey",,,,,,,,,,,,,,,,,,,,,,,,,,,,,,,,,,,,
Dennis,Cape May,3400917560,township,unvisited,,,,,,"https://en.wikipedia.org/wiki/Dennis_Township,_New_Jersey",,,,,,,,,,,,,,,,,,,,,,,,,,,,,,,,,,,,
Denville,Morris,3402717650,township,unvisited,,,,,,"https://en.wikipedia.org/wiki/Denville_Township,_New_Jersey",,,,,,,,,,,,,,,,,,,,,,,,,,,,,,,,,,,,
Deptford,Gloucester,3401517710,township,unvisited,,,,,,"https://en.wikipedia.org/wiki/Deptford_Township,_New_Jersey",,,,,,,,,,,,,,,,,,,,,,,,,,,,,,,,,,,,
Dover,Morris,3402718070,town,unvisited,,,,,,"https://en.wikipedia.org/wiki/Dover,_New_Jersey",,,,,,,,,,,,,,,,,,,,,,,,,,,,,,,,,,,,
Downe,Cumberland,3401118220,township,unvisited,,,,,,"https://en.wikipedia.org/wiki/Downe_Township,_New_Jersey",,,,,,,,,,,,,,,,,,,,,,,,,,,,,,,,,,,,
Dumont,Bergen,3400318400,borough,unvisited,,,,,,"https://en.wikipedia.org/wiki/Dumont,_New_Jersey",,,,,,,,,,,,,,,,,,,,,,,,,,,,,,,,,,,,
Dunellen,Middlesex,3402318490,borough,visited,,,,,,"https://en.wikipedia.org/wiki/Dunellen,_New_Jersey",,,,,,,,,,,,,,,,,,,,,,,,,,,Town #118,https://www.instagram.com/p/DL8GzhHRRRR/,,,,,,,,
Eagleswood,Ocean,3402918670,township,unvisited,,,,,,"https://en.wikipedia.org/wiki/Eagleswood_Township,_New_Jersey",,,,,,,,,,,,,,,,,,,,,,,,,,,,,,,,,,,,
East Amwell,Hunterdon,3401918820,township,unvisited,,,,,,"https://en.wikipedia.org/wiki/East_Amwell_Township,_New_Jersey",,,,,,,,,,,,,,,,,,,,,,,,,,,,,,,,,,,,
East Brunswick,Middlesex,3402319000,township,unvisited,,,,,,"https://en.wikipedia.org/wiki/East_Brunswick_Township,_New_Jersey",,,,,,,,,,,,,,,,,,,,,,,,,,,,,,,,,,,,
East Greenwich,Gloucester,3401519180,township,unvisited,,,,,,"https://en.wikipedia.org/wiki/East_Greenwich_Township,_New_Jersey",,,,,,,,,,,,,,,,,,,,,,,,,,,,,,,,,,,,
East Hanover,Morris,3402719210,township,unvisited,,,,,,"https://en.wikipedia.org/wiki/East_Hanover_Township,_New_Jersey",,,,,,,,,,,,,,,,,,,,,,,,,,,,,,,,,,,,
East Newark,Hudson,3401719360,borough,visited,,,,,,"https://en.wikipedia.org/wiki/East_Newark,_New_Jersey",,,,,,,,,,,,,,,,,,,,,,,,,,,Town #113,https://www.instagram.com/p/DJkVCz_RHYf/,,,,,,,,
East Orange,Essex,3401319390,city,unvisited,,,,,,"https://en.wikipedia.org/wiki/East_Orange,_New_Jersey",,,,,,,,,,,,,,,,,,,,,,,,,,,,,,,,,,,,
East Rutherford,Bergen,3400319510,borough,visited,,,,,,"https://en.wikipedia.org/wiki/East_Rutherford,_New_Jersey",,,,,,,,,,,,,,,,,,,,,,,,,,,Town #111,https://www.instagram.com/p/DIuAH24xYCm/,,,,,,,,
East Windsor,Mercer,3402119780,township,unvisited,,,,,,"https://en.wikipedia.org/wiki/East_Windsor_Township,_New_Jersey",,,,,,,,,,,,,,,,,,,,,,,,,,,,,,,,,,,,
Eastampton,Burlington,3400518790,township,unvisited,,,,,,"https://en.wikipedia.org/wiki/Eastampton_Township,_New_Jersey",,,,,,,,,,,,,,,,,,,,,,,,,,,,,,,,,,,,
Eatontown,Monmouth,3402519840,borough,unvisited,,,,,,"https://en.wikipedia.org/wiki/Eatontown,_New_Jersey",,,,,,,,,,,,,,,,,,,,,,,,,,,,,,,,,,,,
Edgewater,Bergen,3400320020,borough,unvisited,,,,,,"https://en.wikipedia.org/wiki/Edgewater,_New_Jersey",,,,,,,,,,,,,,,,,,,,,,,,,,,,,,,,,,,,
Edgewater Park,Burlington,3400520050,township,unvisited,,,,,,"https://en.wikipedia.org/wiki/Edgewater_Park_Township,_New_Jersey",,,,,,,,,,,,,,,,,,,,,,,,,,,,,,,,,,,,
Edison,Middlesex,3402320230,township,unvisited,,,,,,"https://en.wikipedia.org/wiki/Edison_Township,_New_Jersey",,,,,,,,,,,,,,,,,,,,,,,,,,,,,,,,,,,,
Egg Harbor,Atlantic,3400120290,township,queued,260,Family Kusina,2025-01-03,,,"https://en.wikipedia.org/wiki/Egg_Harbor_Township,_New_Jersey",,,,,,,,,,,,,,,,,,,,,,,,,,,,,,,,,,,,
Egg Harbor City,Atlantic,3400120350,city,unvisited,,,,,,"https://en.wikipedia.org/wiki/Egg_Harbor_City,_New_Jersey",,,,,,,,,,,,,,,,,,,,,,,,,,,,,,,,,,,,
Elizabeth,Union,3403921000,city,unvisited,,,,,,"https://en.wikipedia.org/wiki/Elizabeth,_New_Jersey",,,,,,,,,,,,,,,,,,,,,,,,,,,,,,,,,,,,
Elk,Gloucester,3401521060,township,unvisited,,,,,,"https://en.wikipedia.org/wiki/Elk_Township,_New_Jersey",,,,,,,,,,,,,,,,,,,,,,,,,,,,,,,,,,,,
Elmer,Salem,3403321240,borough,unvisited,,,,,,"https://en.wikipedia.org/wiki/Elmer,_New_Jersey",,,,,,,,,,,,,,,,,,,,,,,,,,,,,,,,,,,,
Elmwood Park,Bergen,3400321300,borough,unvisited,,,,,,"https://en.wikipedia.org/wiki/Elmwood_Park,_New_Jersey",,,,,,,,,,,,,,,,,,,,,,,,,,,,,,,,,,,,
Elsinboro,Salem,3403321330,township,unvisited,,,,,,"https://en.wikipedia.org/wiki/Elsinboro_Township,_New_Jersey",,,,,,,,,,,,,,,,,,,,,,,,,,,,,,,,,,,,
Emerson,Bergen,3400321450,borough,unvisited,,,,,,"https://en.wikipedia.org/wiki/Emerson,_New_Jersey",,,,,,,,,,,,,,,,,,,,,,,,,,,,,,,,,,,,
Englewood,Bergen,3400321480,city,unvisited,,,,,,"https://en.wikipedia.org/wiki/Englewood,_New_Jersey",,,,,,,,,,,,,,,,,,,,,,,,,,,,,,,,,,,,
Englewood Cliffs,Bergen,3400321510,borough,unvisited,,,,,,"https://en.wikipedia.org/wiki/Englewood_Cliffs,_New_Jersey",,,,,,,,,,,,,,,,,,,,,,,,,,,,,,,,,,,,
Englishtown,Monmouth,3402521570,borough,visited,,,,,,"https://en.wikipedia.org/wiki/Englishtown,_New_Jersey",,,,,,,,,,,,,,,,,,,,,,,,,,,Town #103,https://www.instagram.com/p/DFeKuO5vXpB/,,,,,,,,
Essex Fells,Essex,3401321840,borough,unvisited,,,,,,"https://en.wikipedia.org/wiki/Essex_Fells,_New_Jersey",,,,,,,,,,,,,,,,,,,,,,,,,,,,,,,,,,,,
Estell Manor,Atlantic,3400121870,city,unvisited,,,,,,"https://en.wikipedia.org/wiki/Estell_Manor,_New_Jersey",,,,,,,,,,,,,,,,,,,,,,,,,,,,,,,,,,,,
Evesham,Burlington,3400522110,township,unvisited,,,,,,"https://en.wikipedia.org/wiki/Evesham_Township,_New_Jersey",,,,,,,,,,,,,,,,,,,,,,,,,,,,,,,,,,,,
Ewing,Mercer,3402122185,township,unvisited,,,,,,"https://en.wikipedia.org/wiki/Ewing_Township,_New_Jersey",,,,,,,,,,,,,,,,,,,,,,,,,,,,,,,,,,,,
Fair Haven,Monmouth,3402522440,borough,unvisited,,,,,,"https://en.wikipedia.org/wiki/Fair_Haven,_New_Jersey",,,,,,,,,,,,,,,,,,,,,,,,,,,,,,,,,,,,
Fair Lawn,Bergen,3400322470,borough,unvisited,,,,,,"https://en.wikipedia.org/wiki/Fair_Lawn,_New_Jersey",,,,,,,,,,,,,,,,,,,,,,,,,,,,,,,,,,,,
Fairfield,Cumberland,3401122350,township,unvisited,,,,,,"https://en.wikipedia.org/wiki/Fairfield_Township,_New_Jersey",,,,,,,,,,,,,,,,,,,,,,,,,,,,,,,,,,,,
Fairfield,Essex,3401322385,township,unvisited,,,,,,"https://en.wikipedia.org/wiki/Fairfield_Township,_New_Jersey",,,,,,,,,,,,,,,,,,,,,,,,,,,,,,,,,,,,
Fairview,Bergen,3400322560,borough,unvisited,,,,,,"https://en.wikipedia.org/wiki/Fairview,_New_Jersey",,,,,,,,,,,,,,,,,,,,,,,,,,,,,,,,,,,,
Fanwood,Union,3403922860,borough,unvisited,,,,,,"https://en.wikipedia.org/wiki/Fanwood,_New_Jersey",,,,,,,,,,,,,,,,,,,,,,,,,,,,,,,,,,,,
Far Hills,Somerset,3403522890,borough,unvisited,,,,,,"https://en.wikipedia.org/wiki/Far_Hills,_New_Jersey",,,,,,,,,,,,,,,,,,,,,,,,,,,,,,,,,,,,
Farmingdale,Monmouth,3402522950,borough,unvisited,,,,,,"https://en.wikipedia.org/wiki/Farmingdale,_New_Jersey",,,,,,,,,,,,,,,,,,,,,,,,,,,,,,,,,,,,
Fieldsboro,Burlington,3400523250,borough,unvisited,,,,,,"https://en.wikipedia.org/wiki/Fieldsboro,_New_Jersey",,,,,,,,,,,,,,,,,,,,,,,,,,,,,,,,,,,,
Flemington,Hunterdon,3401923700,borough,unvisited,,,,,,"https://en.wikipedia.org/wiki/Flemington,_New_Jersey",,,,,,,,,,,,,,,,,,,,,,,,,,,,,,,,,,,,
Florence,Burlington,3400523850,township,unvisited,,,,,,"https://en.wikipedia.org/wiki/Florence_Township,_New_Jersey",,,,,,,,,,,,,,,,,,,,,,,,,,,,,,,,,,,,
Florham Park,Morris,3402723910,borough,unvisited,,,,,,"https://en.wikipedia.org/wiki/Florham_Park,_New_Jersey",,,,,,,,,,,,,,,,,,,,,,,,,,,,,,,,,,,,
Folsom,Atlantic,3400123940,borough,unvisited,,,,,,"https://en.wikipedia.org/wiki/Folsom,_New_Jersey",,,,,,,,,,,,,,,,,,,,,,,,,,,,,,,,,,,,
Fort Lee,Bergen,3400324420,borough,unvisited,,,,,,"https://en.wikipedia.org/wiki/Fort_Lee,_New_Jersey",,,,,,,,,,,,,,,,,,,,,,,,,,,,,,,,,,,,
Frankford,Sussex,3403724810,township,unvisited,,,,,,"https://en.wikipedia.org/wiki/Frankford_Township,_New_Jersey",,,,,,,,,,,,,,,,,,,,,,,,,,,,,,,,,,,,
Franklin,Gloucester,3401524840,township,unvisited,,,,,,"https://en.wikipedia.org/wiki/Franklin_Township,_New_Jersey",,,,,,,,,,,,,,,,,,,,,,,,,,,,,,,,,,,,
Franklin,Hunterdon,3401924870,township,unvisited,,,,,,"https://en.wikipedia.org/wiki/Franklin_Township,_New_Jersey",,,,,,,,,,,,,,,,,,,,,,,,,,,,,,,,,,,,
Franklin,Somerset,3403524900,township,pre-challenge,87,Sophie's Bistro,2023-07-02,,,"https://en.wikipedia.org/wiki/Franklin_Township,_New_Jersey",,,,,,,,,,,,,,,,,,,,,,,,,,,,,,,,,,,,
Franklin,Sussex,3403724930,borough,unvisited,,,,,,"https://en.wikipedia.org/wiki/Franklin,_New_Jersey",,,,,,,,,,,,,,,,,,,,,,,,,,,,,,,,,,,,
Franklin,Warren,3404124960,township,unvisited,,,,,,"https://en.wikipedia.org/wiki/Franklin_Township,_New_Jersey",,,,,,,,,,,,,,,,,,,,,,,,,,,,,,,,,,,,
Franklin Lakes,Bergen,3400324990,borough,unvisited,,,,,,"https://en.wikipedia.org/wiki/Franklin_Lakes,_New_Jersey",,,,,,,,,,,,,,,,,,,,,,,,,,,,,,,,,,,,
Fredon,Sussex,3403725140,township,unvisited,,,,,,"https://en.wikipedia.org/wiki/Fredon_Township,_New_Jersey",,,,,,,,,,,,,,,,,,,,,,,,,,,,,,,,,,,,
Freehold,Monmouth,3402525200,borough,unvisited,,,,,,"https://en.wikipedia.org/wiki/Freehold,_New_Jersey",,,,,,,,,,,,,,,,,,,,,,,,,,,,,,,,,,,,
Freehold,Monmouth,3402525230,township,unvisited,,,,,,"https://en.wikipedia.org/wiki/Freehold_Township,_New_Jersey",,,,,,,,,,,,,,,,,,,,,,,,,,,,,,,,,,,,
Frelinghuysen,Warren,3404125320,township,unvisited,,,,,,"https://en.wikipedia.org/wiki/Frelinghuysen_Township,_New_Jersey",,,,,,,,,,,,,,,,,,,,,,,,,,,,,,,,,,,,
Frenchtown,Hunterdon,3401925350,borough,unvisited,,,,,,"https://en.wikipedia.org/wiki/Frenchtown,_New_Jersey",,,,,,,,,,,,,,,,,,,,,,,,,,,,,,,,,,,,
Galloway,Atlantic,3400125560,township,pre-challenge,,Seaview Hotel,2019-06-23,Seaview Hotel,https://www.seaviewdolcehotel.com/,"https://en.wikipedia.org/wiki/Galloway_Township,_New_Jersey",,,,,,,,,,,,,,,,,,,,,,,,,,,,,,,,,,,,
Garfield,Bergen,3400325770,city,unvisited,,,,,,"https://en.wikipedia.org/wiki/Garfield,_New_Jersey",,,,,,,,,,,,,,,,,,,,,,,,,,,,,,,,,,,,
Garwood,Union,3403925800,borough,unvisited,,,,,,"https://en.wikipedia.org/wiki/Garwood,_New_Jersey",,,,,,,,,,,,,,,,,,,,,,,,,,,,,,,,,,,,
Gibbsboro,Camden,3400726070,borough,unvisited,,,,,,"https://en.wikipedia.org/wiki/Gibbsboro,_New_Jersey",,,,,,,,,,,,,,,,,,,,,,,,,,,,,,,,,,,,
Glassboro,Gloucester,3401526340,borough,unvisited,,,,,,"https://en.wikipedia.org/wiki/Glassboro,_New_Jersey",,,,,,,,,,,,,,,,,,,,,,,,,,,,,,,,,,,,
Glen Gardner,Hunterdon,3401926550,borough,unvisited,,,,,,"https://en.wikipedia.org/wiki/Glen_Gardner,_New_Jersey",,,,,,,,,,,,,,,,,,,,,,,,,,,,,,,,,,,,
Glen Ridge,Essex,3401326610,borough,unvisited,,,,,,"https://en.wikipedia.org/wiki/Glen_Ridge,_New_Jersey",,,,,,,,,,,,,,,,,,,,,,,,,,,,,,,,,,,,
Glen Rock,Bergen,3400326640,borough,unvisited,,,,,,"https://en.wikipedia.org/wiki/Glen_Rock,_New_Jersey",,,,,,,,,,,,,,,,,,,,,,,,,,,,,,,,,,,,
Gloucester,Camden,3400726760,township,unvisited,,,,,,"https://en.wikipedia.org/wiki/Gloucester_Township,_New_Jersey",,,,,,,,,,,,,,,,,,,,,,,,,,,,,,,,,,,,
Gloucester City,Camden,3400726820,city,unvisited,,,,,,"https://en.wikipedia.org/wiki/Gloucester_City,_New_Jersey",,,,,,,,,,,,,,,,,,,,,,,,,,,,,,,,,,,,
Green,Sussex,3403727420,township,unvisited,,,,,,"https://en.wikipedia.org/wiki/Green_Township,_New_Jersey",,,,,,,,,,,,,,,,,,,,,,,,,,,,,,,,,,,,
Green Brook,Somerset,3403527510,township,unvisited,,,,,,"https://en.wikipedia.org/wiki/Green_Brook_Township,_New_Jersey",,,,,,,,,,,,,,,,,,,,,,,,,,,,,,,,,,,,
Greenwich,Cumberland,3401128170,township,unvisited,,,,,,"https://en.wikipedia.org/wiki/Greenwich_Township,_New_Jersey",,,,,,,,,,,,,,,,,,,,,,,,,,,,,,,,,,,,
Greenwich,Gloucester,3401528185,township,unvisited,,,,,,"https://en.wikipedia.org/wiki/Greenwich_Township,_New_Jersey",,,,,,,,,,,,,,,,,,,,,,,,,,,,,,,,,,,,
Greenwich,Warren,3404128260,township,unvisited,,,,,,"https://en.wikipedia.org/wiki/Greenwich_Township,_New_Jersey",,,,,,,,,,,,,,,,,,,,,,,,,,,,,,,,,,,,
Guttenberg,Hudson,3401728650,town,visited,,,,,,"https://en.wikipedia.org/wiki/Guttenberg,_New_Jersey",,,,,,,,,,,,,,,,,,,,,,,,,,,Town #99,https://www.instagram.com/p/DE5gvsaR9GF/,,,,,,,,
Hackensack,Bergen,3400328680,city,unvisited,,,,,,"https://en.wikipedia.org/wiki/Hackensack,_New_Jersey",,,,,,,,,,,,,,,,,,,,,,,,,,,,,,,,,,,,
Hackettstown,Warren,3404128710,town,unvisited,,,,,,"https://en.wikipedia.org/wiki/Hackettstown,_New_Jersey",,,,,,,,,,,,,,,,,,,,,,,,,,,,,,,,,,,,
Haddon,Camden,3400728740,township,unvisited,,,,,,"https://en.wikipedia.org/wiki/Haddon_Township,_New_Jersey",,,,,,,,,,,,,,,,,,,,,,,,,,,,,,,,,,,,
Haddon Heights,Camden,3400728800,borough,unvisited,,,,,,"https://en.wikipedia.org/wiki/Haddon_Heights,_New_Jersey",,,,,,,,,,,,,,,,,,,,,,,,,,,,,,,,,,,,
Haddonfield,Camden,3400728770,borough,unvisited,,,,,,"https://en.wikipedia.org/wiki/Haddonfield,_New_Jersey",,,,,,,,,,,,,,,,,,,,,,,,,,,,,,,,,,,,
Hainesport,Burlington,3400529010,township,visited,,,,,,"https://en.wikipedia.org/wiki/Hainesport_Township,_New_Jersey",,,,,,,,,,,,,,,,,,,,,,,,,,,Town #115,https://www.instagram.com/p/DKQs2ySxUEk/,,,,,,,,
Haledon,Passaic,3403129070,borough,unvisited,,,,,,"https://en.wikipedia.org/wiki/Haledon,_New_Jersey",,,,,,,,,,,,,,,,,,,,,,,,,,,,,,,,,,,,
Hamburg,Sussex,3403729220,borough,unvisited,,,,,,"https://en.wikipedia.org/wiki/Hamburg,_New_Jersey",,,,,,,,,,,,,,,,,,,,,,,,,,,,,,,,,,,,
Hamilton,Atlantic,3400129280,township,unvisited,,,,,,"https://en.wikipedia.org/wiki/Hamilton_Township,_New_Jersey",,,,,,,,,,,,,,,,,,,,,,,,,,,,,,,,,,,,
Hamilton,Mercer,3402129310,township,unvisited,,,,,,"https://en.wikipedia.org/wiki/Hamilton_Township,_New_Jersey",,,,,,,,,,,,,,,,,,,,,,,,,,,,,,,,,,,,
Hammonton,Atlantic,3400129430,town,unvisited,,,,,,"https://en.wikipedia.org/wiki/Hammonton,_New_Jersey",,,,,,,,,,,,,,,,,,,,,,,,,,,,,,,,,,,,
Hampton,Hunterdon,3401929460,borough,unvisited,,,,,,"https://en.wikipedia.org/wiki/Hampton,_New_Jersey",,,,,,,,,,,,,,,,,,,,,,,,,,,,,,,,,,,,
Hampton,Sussex,3403729490,township,unvisited,,,,,,"https://en.wikipedia.org/wiki/Hampton_Township,_New_Jersey",,,,,,,,,,,,,,,,,,,,,,,,,,,,,,,,,,,,
Hanover,Morris,3402729550,township,unvisited,,,,,,"https://en.wikipedia.org/wiki/Hanover_Township,_New_Jersey",,,,,,,,,,,,,,,,,,,,,,,,,,,,,,,,,,,,
Harding,Morris,3402729700,township,unvisited,,,,,,"https://en.wikipedia.org/wiki/Harding_Township,_New_Jersey",,,,,,,,,,,,,,,,,,,,,,,,,,,,,,,,,,,,
Hardwick,Warren,3404129820,township,unvisited,,,,,,"https://en.wikipedia.org/wiki/Hardwick_Township,_New_Jersey",,,,,,,,,,,,,,,,,,,,,,,,,,,,,,,,,,,,
Hardyston,Sussex,3403729850,township,unvisited,,,,,,"https://en.wikipedia.org/wiki/Hardyston_Township,_New_Jersey",,,,,,,,,,,,,,,,,,,,,,,,,,,,,,,,,,,,
Harmony,Warren,3404130090,township,unvisited,,,,,,"https://en.wikipedia.org/wiki/Harmony_Township,_New_Jersey",,,,,,,,,,,,,,,,,,,,,,,,,,,,,,,,,,,,
Harrington Park,Bergen,3400330150,borough,unvisited,,,,,,"https://en.wikipedia.org/wiki/Harrington_Park,_New_Jersey",,,,,,,,,,,,,,,,,,,,,,,,,,,,,,,,,,,,
Harrison,Gloucester,3401530180,township,unvisited,,,,,,"https://en.wikipedia.org/wiki/Harrison_Township,_New_Jersey",,,,,,,,,,,,,,,,,,,,,,,,,,,,,,,,,,,,
Harrison,Hudson,3401730210,town,unvisited,,,,,,"https://en.wikipedia.org/wiki/Harrison,_New_Jersey",,,,,,,,,,,,,,,,,,,,,,,,,,,,,,,,,,,,
Harvey Cedars,Ocean,3402930390,borough,unvisited,,,,,,"https://en.wikipedia.org/wiki/Harvey_Cedars,_New_Jersey",,,,,,,,,,,,,,,,,,,,,,,,,,,,,,,,,,,,
Hasbrouck Heights,Bergen,3400330420,borough,unvisited,,,,,,"https://en.wikipedia.org/wiki/Hasbrouck_Heights,_New_Jersey",,,,,,,,,,,,,,,,,,,,,,,,,,,,,,,,,,,,
Haworth,Bergen,3400330540,borough,unvisited,,,,,,"https://en.wikipedia.org/wiki/Haworth,_New_Jersey",,,,,,,,,,,,,,,,,,,,,,,,,,,,,,,,,,,,
Hawthorne,Passaic,3403130570,borough,unvisited,,,,,,"https://en.wikipedia.org/wiki/Hawthorne,_New_Jersey",,,,,,,,,,,,,,,,,,,,,,,,,,,,,,,,,,,,
Hazlet,Monmouth,3402530690,township,unvisited,,,,,,"https://en.wikipedia.org/wiki/Hazlet_Township,_New_Jersey",,,,,,,,,,,,,,,,,,,,,,,,,,,,,,,,,,,,
Helmetta,Middlesex,3402330840,borough,visited,,,,,,"https://en.wikipedia.org/wiki/Helmetta,_New_Jersey",,,,,,,,,,,,,,,,,,,,,,,,,,,Town #95,https://www.instagram.com/p/DEgPM5MRjW_/,,,,,,,,
Hi-Nella,Camden,3400732220,borough,unvisited,,,,,,"https://en.wikipedia.org/wiki/Hi-Nella,_New_Jersey",,,,,,,,,,,,,,,,,,,,,,,,,,,,,,,,,,,,
High Bridge,Hunterdon,3401931320,borough,unvisited,,,,,,"https://en.wikipedia.org/wiki/High_Bridge,_New_Jersey",,,,,,,,,,,,,,,,,,,,,,,,,,,,,,,,,,,,
Highland Park,Middlesex,3402331470,borough,visited,,,,,,"https://en.wikipedia.org/wiki/Highland_Park,_New_Jersey",,,,,,,,,,,,,,,,,,,,,,,,,,,Town #119,https://www.instagram.com/p/DMX7WD8x4H1/,,,Town #119 - Bonus Town Trivia,https://www.instagram.com/p/DMd0u1nR8_D/?img_index=1,,,,
Highlands,Monmouth,3402531500,borough,unvisited,,,,,,"https://en.wikipedia.org/wiki/Highlands,_New_Jersey",,,,,,,,,,,,,,,,,,,,,,,,,,,,,,,,,,,,
Hightstown,Mercer,3402131620,borough,unvisited,,,,,,"https://en.wikipedia.org/wiki/Hightstown,_New_Jersey",,,,,,,,,,,,,,,,,,,,,,,,,,,,,,,,,,,,
Hillsborough,Somerset,3403531890,township,unvisited,,,,,,"https://en.wikipedia.org/wiki/Hillsborough_Township,_New_Jersey",,,,,,,,,,,,,,,,,,,,,,,,,,,,,,,,,,,,
Hillsdale,Bergen,3400331920,borough,unvisited,,,,,,"https://en.wikipedia.org/wiki/Hillsdale,_New_Jersey",,,,,,,,,,,,,,,,,,,,,,,,,,,,,,,,,,,,
Hillside,Union,3403931980,township,unvisited,,,,,,"https://en.wikipedia.org/wiki/Hillside_Township,_New_Jersey",,,,,,,,,,,,,,,,,,,,,,,,,,,,,,,,,,,,
Ho-Ho-Kus,Bergen,3400332310,borough,unvisited,,,,,,"https://en.wikipedia.org/wiki/Ho-Ho-Kus,_New_Jersey",,,,,,,,,,,,,,,,,,,,,,,,,,,,,,,,,,,,
Hoboken,Hudson,3401732250,city,unvisited,,,,,,"https://en.wikipedia.org/wiki/Hoboken,_New_Jersey",,,,,,,,,,,,,,,,,,,,,,,,,,,,,,,,,,,,
Holland,Hunterdon,3401932460,township,unvisited,,,,,,"https://en.wikipedia.org/wiki/Holland_Township,_New_Jersey",,,,,,,,,,,,,,,,,,,,,,,,,,,,,,,,,,,,
Holmdel,Monmouth,3402532640,township,unvisited,,,,,,"https://en.wikipedia.org/wiki/Holmdel_Township,_New_Jersey",,,,,,,,,,,,,,,,,,,,,,,,,,,,,,,,,,,,
Hopatcong,Sussex,3403732910,borough,visited,,,,,,"https://en.wikipedia.org/wiki/Hopatcong,_New_Jersey",,,,,,,,,,,,,,,,,,,,,,,,,,,Town #128,https://www.instagram.com/p/DWJerldEWuT/,,,Town #128 - Bonus Town Trivia,https://www.instagram.com/p/DWjmsLEEXb_/?img_index=1,,,,
Hope,Warren,3404133060,township,unvisited,,,,,,"https://en.wikipedia.org/wiki/Hope_Township,_New_Jersey",,,,,,,,,,,,,,,,,,,,,,,,,,,,,,,,,,,,
Hopewell,Cumberland,3401133120,township,unvisited,,,,,,"https://en.wikipedia.org/wiki/Hopewell_Township,_New_Jersey",,,,,,,,,,,,,,,,,,,,,,,,,,,,,,,,,,,,
Hopewell,Mercer,3402133150,borough,unvisited,,,,,,"https://en.wikipedia.org/wiki/Hopewell,_New_Jersey",,,,,,,,,,,,,,,,,,,,,,,,,,,,,,,,,,,,
Hopewell,Mercer,3402133180,township,unvisited,,,,,,"https://en.wikipedia.org/wiki/Hopewell_Township,_New_Jersey",,,,,,,,,,,,,,,,,,,,,,,,,,,,,,,,,,,,
Howell,Monmouth,3402533300,township,unvisited,,,,,,"https://en.wikipedia.org/wiki/Howell_Township,_New_Jersey",,,,,,,,,,,,,,,,,,,,,,,,,,,,,,,,,,,,
Independence,Warren,3404133930,township,unvisited,,,,,,"https://en.wikipedia.org/wiki/Independence_Township,_New_Jersey",,,,,,,,,,,,,,,,,,,,,,,,,,,,,,,,,,,,
Interlaken,Monmouth,3402534200,borough,unvisited,,,,,,"https://en.wikipedia.org/wiki/Interlaken,_New_Jersey",,,,,,,,,,,,,,,,,,,,,,,,,,,,,,,,,,,,
Irvington,Essex,3401334450,township,visited,,,,,,"https://en.wikipedia.org/wiki/Irvington_Township,_New_Jersey",,,,,,,,,,,,,,,,,,,,,,,,,,,Town #109,https://www.instagram.com/p/DHEjubkRS09/,,,,,,,,
Island Heights,Ocean,3402934530,borough,unvisited,,,,,,"https://en.wikipedia.org/wiki/Island_Heights,_New_Jersey",,,,,,,,,,,,,,,,,,,,,,,,,,,,,,,,,,,,
Jackson,Ocean,3402934680,township,unvisited,,,,,,"https://en.wikipedia.org/wiki/Jackson_Township,_New_Jersey",,,,,,,,,,,,,,,,,,,,,,,,,,,,,,,,,,,,
Jamesburg,Middlesex,3402334890,borough,unvisited,,,,,,"https://en.wikipedia.org/wiki/Jamesburg,_New_Jersey",,,,,,,,,,,,,,,,,,,,,,,,,,,,,,,,,,,,
Jefferson,Morris,3402734980,township,unvisited,,,,,,"https://en.wikipedia.org/wiki/Jefferson_Township,_New_Jersey",,,,,,,,,,,,,,,,,,,,,,,,,,,,,,,,,,,,
Jersey City,Hudson,3401736000,city,unvisited,,,,,,"https://en.wikipedia.org/wiki/Jersey_City,_New_Jersey",,,,,,,,,,,,,,,,,,,,,,,,,,,,,,,,,,,,
Keansburg,Monmouth,3402536480,borough,unvisited,,,,,,"https://en.wikipedia.org/wiki/Keansburg,_New_Jersey",,,,,,,,,,,,,,,,,,,,,,,,,,,,,,,,,,,,
Kearny,Hudson,3401736510,town,unvisited,,,,,,"https://en.wikipedia.org/wiki/Kearny,_New_Jersey",,,,,,,,,,,,,,,,,,,,,,,,,,,,,,,,,,,,
Kenilworth,Union,3403936690,borough,unvisited,,,,,,"https://en.wikipedia.org/wiki/Kenilworth,_New_Jersey",,,,,,,,,,,,,,,,,,,,,,,,,,,,,,,,,,,,
Keyport,Monmouth,3402536810,borough,unvisited,,,,,,"https://en.wikipedia.org/wiki/Keyport,_New_Jersey",,,,,,,,,,,,,,,,,,,,,,,,,,,,,,,,,,,,
Kingwood,Hunterdon,3401937065,township,unvisited,,,,,,"https://en.wikipedia.org/wiki/Kingwood_Township,_New_Jersey",,,,,,,,,,,,,,,,,,,,,,,,,,,,,,,,,,,,
Kinnelon,Morris,3402737110,borough,unvisited,,,,,,"https://en.wikipedia.org/wiki/Kinnelon,_New_Jersey",,,,,,,,,,,,,,,,,,,,,,,,,,,,,,,,,,,,
Knowlton,Warren,3404137320,township,unvisited,,,,,,"https://en.wikipedia.org/wiki/Knowlton_Township,_New_Jersey",,,,,,,,,,,,,,,,,,,,,,,,,,,,,,,,,,,,
Lacey,Ocean,3402937380,township,visited,,,,,,"https://en.wikipedia.org/wiki/Lacey_Township,_New_Jersey",,,,,,,,,,,,,,,,,,,,,,,,,,,Town #107,https://www.instagram.com/p/DGgzwX1xdM0/,,,,,,,,
Lafayette,Sussex,3403737440,township,unvisited,,,,,,"https://en.wikipedia.org/wiki/Lafayette_Township,_New_Jersey",,,,,,,,,,,,,,,,,,,,,,,,,,,,,,,,,,,,
Lake Como,Monmouth,3402537560,borough,unvisited,,,,,,"https://en.wikipedia.org/wiki/Lake_Como,_New_Jersey",,,,,,,,,,,,,,,,,,,,,,,,,,,,,,,,,,,,
Lakehurst,Ocean,3402937770,borough,visited,,,,,,"https://en.wikipedia.org/wiki/Lakehurst,_New_Jersey",,,,,,,,,,,,,,,,,,,,,,,,,,,Town #112,https://www.instagram.com/p/DJPaQCIR7RA/,,,,,,,,
Lakewood,Ocean,3402938550,township,unvisited,,,,,,"https://en.wikipedia.org/wiki/Lakewood_Township,_New_Jersey",,,,,,,,,,,,,,,,,,,,,,,,,,,,,,,,,,,,
Lambertville,Hunterdon,3401938610,city,visited,,,,,,"https://en.wikipedia.org/wiki/Lambertville,_New_Jersey",,,,,,,,,,,,,,,,,,,,,,,,,,,Town #105,https://www.instagram.com/p/DF-yE6JRwp1/,,,,,,,,
Laurel Springs,Camden,3400739210,borough,unvisited,,,,,,"https://en.wikipedia.org/wiki/Laurel_Springs,_New_Jersey",,,,,,,,,,,,,,,,,,,,,,,,,,,,,,,,,,,,
Lavallette,Ocean,3402939390,borough,unvisited,,,,,,"https://en.wikipedia.org/wiki/Lavallette,_New_Jersey",,,,,,,,,,,,,,,,,,,,,,,,,,,,,,,,,,,,
Lawnside,Camden,3400739420,borough,unvisited,,,,,,"https://en.wikipedia.org/wiki/Lawnside,_New_Jersey",,,,,,,,,,,,,,,,,,,,,,,,,,,,,,,,,,,,
Lawrence,Cumberland,3401139450,township,unvisited,,,,,,"https://en.wikipedia.org/wiki/Lawrence_Township,_New_Jersey",,,,,,,,,,,,,,,,,,,,,,,,,,,,,,,,,,,,
Lawrence,Mercer,3402139510,township,unvisited,,,,,,"https://en.wikipedia.org/wiki/Lawrence_Township,_New_Jersey",,,,,,,,,,,,,,,,,,,,,,,,,,,,,,,,,,,,
Lebanon,Hunterdon,3401939630,borough,unvisited,,,,,,"https://en.wikipedia.org/wiki/Lebanon,_New_Jersey",,,,,,,,,,,,,,,,,,,,,,,,,,,,,,,,,,,,
Lebanon,Hunterdon,3401939660,township,unvisited,,,,,,"https://en.wikipedia.org/wiki/Lebanon_Township,_New_Jersey",,,,,,,,,,,,,,,,,,,,,,,,,,,,,,,,,,,,
Leonia,Bergen,3400340020,borough,unvisited,,,,,,"https://en.wikipedia.org/wiki/Leonia,_New_Jersey",,,,,,,,,,,,,,,,,,,,,,,,,,,,,,,,,,,,
Liberty,Warren,3404140110,township,unvisited,,,,,,"https://en.wikipedia.org/wiki/Liberty_Township,_New_Jersey",,,,,,,,,,,,,,,,,,,,,,,,,,,,,,,,,,,,
Lincoln Park,Morris,3402740290,borough,unvisited,,,,,,"https://en.wikipedia.org/wiki/Lincoln_Park,_New_Jersey",,,,,,,,,,,,,,,,,,,,,,,,,,,,,,,,,,,,
Linden,Union,3403940350,city,unvisited,,,,,,"https://en.wikipedia.org/wiki/Linden,_New_Jersey",,,,,,,,,,,,,,,,,,,,,,,,,,,,,,,,,,,,
Lindenwold,Camden,3400740440,borough,unvisited,,,,,,"https://en.wikipedia.org/wiki/Lindenwold,_New_Jersey",,,,,,,,,,,,,,,,,,,,,,,,,,,,,,,,,,,,
Linwood,Atlantic,3400140530,city,queued,259,Barista's Coffee House,2025-01-03,Barista's Coffee House,https://www.baristascoffeehouse.com/,"https://en.wikipedia.org/wiki/Linwood,_New_Jersey",,,,,,,,,,,,,,,,,,,,,,,,,,,,,,,,,,,,
Little Egg Harbor,Ocean,3402940560,township,unvisited,,,,,,"https://en.wikipedia.org/wiki/Little_Egg_Harbor_Township,_New_Jersey",,,,,,,,,,,,,,,,,,,,,,,,,,,,,,,,,,,,
Little Falls,Passaic,3403140620,township,unvisited,,,,,,"https://en.wikipedia.org/wiki/Little_Falls_Township,_New_Jersey",,,,,,,,,,,,,,,,,,,,,,,,,,,,,,,,,,,,
Little Ferry,Bergen,3400340680,borough,unvisited,,,,,,"https://en.wikipedia.org/wiki/Little_Ferry,_New_Jersey",,,,,,,,,,,,,,,,,,,,,,,,,,,,,,,,,,,,
Little Silver,Monmouth,3402540770,borough,unvisited,,,,,,"https://en.wikipedia.org/wiki/Little_Silver,_New_Jersey",,,,,,,,,,,,,,,,,,,,,,,,,,,,,,,,,,,,
Livingston,Essex,3401340890,township,unvisited,,,,,,"https://en.wikipedia.org/wiki/Livingston_Township,_New_Jersey",,,,,,,,,,,,,,,,,,,,,,,,,,,,,,,,,,,,
Loch Arbour,Monmouth,3402541010,village,unvisited,,,,,,"https://en.wikipedia.org/wiki/Loch_Arbour,_New_Jersey",,,,,,,,,,,,,,,,,,,,,,,,,,,,,,,,,,,,
Lodi,Bergen,3400341100,borough,unvisited,,,,,,"https://en.wikipedia.org/wiki/Lodi,_New_Jersey",,,,,,,,,,,,,,,,,,,,,,,,,,,,,,,,,,,,
Logan,Gloucester,3401541160,township,unvisited,,,,,,"https://en.wikipedia.org/wiki/Logan_Township,_New_Jersey",,,,,,,,,,,,,,,,,,,,,,,,,,,,,,,,,,,,
Long Beach,Ocean,3402941250,township,unvisited,,,,,,"https://en.wikipedia.org/wiki/Long_Beach_Township,_New_Jersey",,,,,,,,,,,,,,,,,,,,,,,,,,,,,,,,,,,,
Long Branch,Monmouth,3402541310,city,unvisited,,,,,,"https://en.wikipedia.org/wiki/Long_Branch,_New_Jersey",,,,,,,,,,,,,,,,,,,,,,,,,,,,,,,,,,,,
Long Hill,Morris,3402741362,township,unvisited,,,,,,"https://en.wikipedia.org/wiki/Long_Hill_Township,_New_Jersey",,,,,,,,,,,,,,,,,,,,,,,,,,,,,,,,,,,,
Longport,Atlantic,3400141370,borough,queued,249,Ozzie's Luncheonette,2024-11-23,Ozzie's Luncheonette,https://ozzieslongport.com/,"https://en.wikipedia.org/wiki/Longport,_New_Jersey",,,,,,,,,,,,,,,,,,,,,,,,,,,,,,,,,,,,
Lopatcong,Warren,3404141490,township,unvisited,,,,,,"https://en.wikipedia.org/wiki/Lopatcong_Township,_New_Jersey",,,,,,,,,,,,,,,,,,,,,,,,,,,,,,,,,,,,
Lower,Cape May,3400941610,township,unvisited,,,,,,"https://en.wikipedia.org/wiki/Lower_Township,_New_Jersey",,,,,,,,,,,,,,,,,,,,,,,,,,,,,,,,,,,,
Lower Alloways Creek,Salem,3403341640,township,unvisited,,,,,,"https://en.wikipedia.org/wiki/Lower_Alloways_Creek_Township,_New_Jersey",,,,,,,,,,,,,,,,,,,,,,,,,,,,,,,,,,,,
Lumberton,Burlington,3400542060,township,unvisited,,,,,,"https://en.wikipedia.org/wiki/Lumberton_Township,_New_Jersey",,,,,,,,,,,,,,,,,,,,,,,,,,,,,,,,,,,,
Lyndhurst,Bergen,3400342090,township,unvisited,,,,,,"https://en.wikipedia.org/wiki/Lyndhurst_Township,_New_Jersey",,,,,,,,,,,,,,,,,,,,,,,,,,,,,,,,,,,,
Madison,Morris,3402742510,borough,unvisited,,,,,,"https://en.wikipedia.org/wiki/Madison,_New_Jersey",,,,,,,,,,,,,,,,,,,,,,,,,,,,,,,,,,,,
Magnolia,Camden,3400742630,borough,unvisited,,,,,,"https://en.wikipedia.org/wiki/Magnolia,_New_Jersey",,,,,,,,,,,,,,,,,,,,,,,,,,,,,,,,,,,,
Mahwah,Bergen,3400342750,township,unvisited,,,,,,"https://en.wikipedia.org/wiki/Mahwah_Township,_New_Jersey",,,,,,,,,,,,,,,,,,,,,,,,,,,,,,,,,,,,
Manalapan,Monmouth,3402542990,township,unvisited,,,,,,"https://en.wikipedia.org/wiki/Manalapan_Township,_New_Jersey",,,,,,,,,,,,,,,,,,,,,,,,,,,,,,,,,,,,
Manasquan,Monmouth,3402543050,borough,unvisited,,,,,,"https://en.wikipedia.org/wiki/Manasquan,_New_Jersey",,,,,,,,,,,,,,,,,,,,,,,,,,,,,,,,,,,,
Manchester,Ocean,3402943140,township,unvisited,,,,,,"https://en.wikipedia.org/wiki/Manchester_Township,_New_Jersey",,,,,,,,,,,,,,,,,,,,,,,,,,,,,,,,,,,,
Mannington,Salem,3403343200,township,unvisited,,,,,,"https://en.wikipedia.org/wiki/Mannington_Township,_New_Jersey",,,,,,,,,,,,,,,,,,,,,,,,,,,,,,,,,,,,
Mansfield,Burlington,3400543290,township,unvisited,,,,,,"https://en.wikipedia.org/wiki/Mansfield_Township,_New_Jersey",,,,,,,,,,,,,,,,,,,,,,,,,,,,,,,,,,,,
Mansfield,Warren,3404143320,township,unvisited,,,,,,"https://en.wikipedia.org/wiki/Mansfield_Township,_New_Jersey",,,,,,,,,,,,,,,,,,,,,,,,,,,,,,,,,,,,
Mantoloking,Ocean,3402943380,borough,unvisited,,,,,,"https://en.wikipedia.org/wiki/Mantoloking,_New_Jersey",,,,,,,,,,,,,,,,,,,,,,,,,,,,,,,,,,,,
Mantua,Gloucester,3401543440,township,unvisited,,,,,,"https://en.wikipedia.org/wiki/Mantua_Township,_New_Jersey",,,,,,,,,,,,,,,,,,,,,,,,,,,,,,,,,,,,
Manville,Somerset,3403543620,borough,unvisited,,,,,,"https://en.wikipedia.org/wiki/Manville,_New_Jersey",,,,,,,,,,,,,,,,,,,,,,,,,,,,,,,,,,,,
Maple Shade,Burlington,3400543740,township,unvisited,,,,,,"https://en.wikipedia.org/wiki/Maple_Shade_Township,_New_Jersey",,,,,,,,,,,,,,,,,,,,,,,,,,,,,,,,,,,,
Maplewood,Essex,3401343800,township,unvisited,,,,,,"https://en.wikipedia.org/wiki/Maplewood_Township,_New_Jersey",,,,,,,,,,,,,,,,,,,,,,,,,,,,,,,,,,,,
Margate City,Atlantic,3400143890,city,unvisited,,,,,,"https://en.wikipedia.org/wiki/Margate_City,_New_Jersey",,,,,,,,,,,,,,,,,,,,,,,,,,,,,,,,,,,,
Marlboro,Monmouth,3402544070,township,unvisited,,,,,,"https://en.wikipedia.org/wiki/Marlboro_Township,_New_Jersey",,,,,,,,,,,,,,,,,,,,,,,,,,,,,,,,,,,,
Matawan,Monmouth,3402544520,borough,unvisited,,,,,,"https://en.wikipedia.org/wiki/Matawan,_New_Jersey",,,,,,,,,,,,,,,,,,,,,,,,,,,,,,,,,,,,
Maurice River,Cumberland,3401144580,township,unvisited,,,,,,"https://en.wikipedia.org/wiki/Maurice_River_Township,_New_Jersey",,,,,,,,,,,,,,,,,,,,,,,,,,,,,,,,,,,,
Maywood,Bergen,3400344880,borough,unvisited,,,,,,"https://en.wikipedia.org/wiki/Maywood,_New_Jersey",,,,,,,,,,,,,,,,,,,,,,,,,,,,,,,,,,,,
Medford,Burlington,3400545120,township,unvisited,,,,,,"https://en.wikipedia.org/wiki/Medford_Township,_New_Jersey",,,,,,,,,,,,,,,,,,,,,,,,,,,,,,,,,,,,
Medford Lakes,Burlington,3400545210,borough,unvisited,,,,,,"https://en.wikipedia.org/wiki/Medford_Lakes,_New_Jersey",,,,,,,,,,,,,,,,,,,,,,,,,,,,,,,,,,,,
Mendham,Morris,3402745330,borough,unvisited,,,,,,"https://en.wikipedia.org/wiki/Mendham,_New_Jersey",,,,,,,,,,,,,,,,,,,,,,,,,,,,,,,,,,,,
Mendham,Morris,3402745360,township,unvisited,,,,,,"https://en.wikipedia.org/wiki/Mendham_Township,_New_Jersey",,,,,,,,,,,,,,,,,,,,,,,,,,,,,,,,,,,,
Merchantville,Camden,3400745510,borough,visited,,,,,,"https://en.wikipedia.org/wiki/Merchantville,_New_Jersey",,,,,,,,,,,,,,,,,,,,,,,,,,,Town #284 - Blue Monkey Tavern (Preview),https://www.instagram.com/p/DVoT0fykWka/,,,,,,,,
Metuchen,Middlesex,3402345690,borough,unvisited,,,,,,"https://en.wikipedia.org/wiki/Metuchen,_New_Jersey",,,,,,,,,,,,,,,,,,,,,,,,,,,,,,,,,,,,
Middle,Cape May,3400945810,township,queued,,Provence,2024-11-23,Provence,https://provencecapemay.com/,"https://en.wikipedia.org/wiki/Middle_Township,_New_Jersey",,,,,,,,,,,,,,,,,,,,,,,,,,,,,,,,,,,,
Middlesex,Middlesex,3402345900,borough,unvisited,,,,,,"https://en.wikipedia.org/wiki/Middlesex,_New_Jersey",,,,,,,,,,,,,,,,,,,,,,,,,,,,,,,,,,,,
Middletown,Monmouth,3402545990,township,unvisited,,,,,,"https://en.wikipedia.org/wiki/Middletown_Township,_New_Jersey",,,,,,,,,,,,,,,,,,,,,,,,,,,,,,,,,,,,
Midland Park,Bergen,3400346110,borough,unvisited,,,,,,"https://en.wikipedia.org/wiki/Midland_Park,_New_Jersey",,,,,,,,,,,,,,,,,,,,,,,,,,,,,,,,,,,,
Milford,Hunterdon,3401946260,borough,unvisited,,,,,,"https://en.wikipedia.org/wiki/Milford,_New_Jersey",,,,,,,,,,,,,,,,,,,,,,,,,,,,,,,,,,,,
Millburn,Essex,3401346380,township,unvisited,,,,,,"https://en.wikipedia.org/wiki/Millburn_Township,_New_Jersey",,,,,,,,,,,,,,,,,,,,,,,,,,,,,,,,,,,,
Millstone,Monmouth,3402546560,township,unvisited,,,,,,"https://en.wikipedia.org/wiki/Millstone_Township,_New_Jersey",,,,,,,,,,,,,,,,,,,,,,,,,,,,,,,,,,,,
Millstone,Somerset,3403546590,borough,unvisited,,,,,,"https://en.wikipedia.org/wiki/Millstone,_New_Jersey",,,,,,,,,,,,,,,,,,,,,,,,,,,,,,,,,,,,
Milltown,Middlesex,3402346620,borough,unvisited,,,,,,"https://en.wikipedia.org/wiki/Milltown,_New_Jersey",,,,,,,,,,,,,,,,,,,,,,,,,,,,,,,,,,,,
Millville,Cumberland,3401146680,city,unvisited,,,,,,"https://en.wikipedia.org/wiki/Millville,_New_Jersey",,,,,,,,,,,,,,,,,,,,,,,,,,,,,,,,,,,,
Mine Hill,Morris,3402746860,township,unvisited,,,,,,"https://en.wikipedia.org/wiki/Mine_Hill_Township,_New_Jersey",,,,,,,,,,,,,,,,,,,,,,,,,,,,,,,,,,,,
Monmouth Beach,Monmouth,3402547130,borough,unvisited,,,,,,"https://en.wikipedia.org/wiki/Monmouth_Beach,_New_Jersey",,,,,,,,,,,,,,,,,,,,,,,,,,,,,,,,,,,,
Monroe,Gloucester,3401547250,township,unvisited,,,,,,"https://en.wikipedia.org/wiki/Monroe_Township,_New_Jersey",,,,,,,,,,,,,,,,,,,,,,,,,,,,,,,,,,,,
Monroe,Middlesex,3402347280,township,unvisited,,,,,,"https://en.wikipedia.org/wiki/Monroe_Township,_New_Jersey",,,,,,,,,,,,,,,,,,,,,,,,,,,,,,,,,,,,
Montague,Sussex,3403747430,township,unvisited,,,,,,"https://en.wikipedia.org/wiki/Montague_Township,_New_Jersey",,,,,,,,,,,,,,,,,,,,,,,,,,,,,,,,,,,,
Montclair,Essex,3401347500,township,unvisited,,,,,,"https://en.wikipedia.org/wiki/Montclair_Township,_New_Jersey",,,,,,,,,,,,,,,,,,,,,,,,,,,,,,,,,,,,
Montgomery,Somerset,3403547580,township,unvisited,,,,,,"https://en.wikipedia.org/wiki/Montgomery_Township,_New_Jersey",,,,,,,,,,,,,,,,,,,,,,,,,,,,,,,,,,,,
Montvale,Bergen,3400347610,borough,unvisited,,,,,,"https://en.wikipedia.org/wiki/Montvale,_New_Jersey",,,,,,,,,,,,,,,,,,,,,,,,,,,,,,,,,,,,
Montville,Morris,3402747670,township,unvisited,,,,,,"https://en.wikipedia.org/wiki/Montville_Township,_New_Jersey",,,,,,,,,,,,,,,,,,,,,,,,,,,,,,,,,,,,
Moonachie,Bergen,3400347700,borough,unvisited,,,,,,"https://en.wikipedia.org/wiki/Moonachie,_New_Jersey",,,,,,,,,,,,,,,,,,,,,,,,,,,,,,,,,,,,
Moorestown,Burlington,3400547880,township,unvisited,,,,,,"https://en.wikipedia.org/wiki/Moorestown_Township,_New_Jersey",,,,,,,,,,,,,,,,,,,,,,,,,,,,,,,,,,,,
Morris,Morris,3402748090,township,unvisited,,,,,,"https://en.wikipedia.org/wiki/Morris_Township,_New_Jersey",,,,,,,,,,,,,,,,,,,,,,,,,,,,,,,,,,,,
Morris Plains,Morris,3402748210,borough,unvisited,,,,,,"https://en.wikipedia.org/wiki/Morris_Plains,_New_Jersey",,,,,,,,,,,,,,,,,,,,,,,,,,,,,,,,,,,,
Morristown,Morris,3402748300,town,unvisited,,,,,,"https://en.wikipedia.org/wiki/Morristown,_New_Jersey",,,,,,,,,,,,,,,,,,,,,,,,,,,,,,,,,,,,
Mount Arlington,Morris,3402748690,borough,unvisited,,,,,,"https://en.wikipedia.org/wiki/Mount_Arlington,_New_Jersey",,,,,,,,,,,,,,,,,,,,,,,,,,,,,,,,,,,,
Mount Ephraim,Camden,3400748750,borough,unvisited,,,,,,"https://en.wikipedia.org/wiki/Mount_Ephraim,_New_Jersey",,,,,,,,,,,,,,,,,,,,,,,,,,,,,,,,,,,,
Mount Holly,Burlington,3400548900,township,visited,,,,,,"https://en.wikipedia.org/wiki/Mount_Holly_Township,_New_Jersey",,,,,,,,,,,,,,,,,,,,,,,,,,,Town #114,https://www.instagram.com/p/DJ7Gzp6xnp0/,,,,,,,,
Mount Laurel,Burlington,3400549020,township,visited,,,,,,"https://en.wikipedia.org/wiki/Mount_Laurel_Township,_New_Jersey",,,,,,,,,,,,,,,,,,,,,,,,,,,Town #116,https://www.instagram.com/p/DK18MMBRK3U/,,,,,,,,
Mount Olive,Morris,3402749080,township,unvisited,,,,,,"https://en.wikipedia.org/wiki/Mount_Olive_Township,_New_Jersey",,,,,,,,,,,,,,,,,,,,,,,,,,,,,,,,,,,,
Mountain Lakes,Morris,3402748480,borough,unvisited,,,,,,"https://en.wikipedia.org/wiki/Mountain_Lakes,_New_Jersey",,,,,,,,,,,,,,,,,,,,,,,,,,,,,,,,,,,,
Mountainside,Union,3403948510,borough,unvisited,,,,,,"https://en.wikipedia.org/wiki/Mountainside,_New_Jersey",,,,,,,,,,,,,,,,,,,,,,,,,,,,,,,,,,,,
Mullica,Atlantic,3400149410,township,unvisited,,,,,,"https://en.wikipedia.org/wiki/Mullica_Township,_New_Jersey",,,,,,,,,,,,,,,,,,,,,,,,,,,,,,,,,,,,
National Park,Gloucester,3401549680,borough,unvisited,,,,,,"https://en.wikipedia.org/wiki/National_Park,_New_Jersey",,,,,,,,,,,,,,,,,,,,,,,,,,,,,,,,,,,,
Neptune,Monmouth,3402549890,township,unvisited,,,,,,"https://en.wikipedia.org/wiki/Neptune_Township,_New_Jersey",,,,,,,,,,,,,,,,,,,,,,,,,,,,,,,,,,,,
Neptune City,Monmouth,3402549920,borough,unvisited,,,,,,"https://en.wikipedia.org/wiki/Neptune_City,_New_Jersey",,,,,,,,,,,,,,,,,,,,,,,,,,,,,,,,,,,,
Netcong,Morris,3402750130,borough,unvisited,,,,,,"https://en.wikipedia.org/wiki/Netcong,_New_Jersey",,,,,,,,,,,,,,,,,,,,,,,,,,,,,,,,,,,,
New Brunswick,Middlesex,3402351210,city,unvisited,,,,,,"https://en.wikipedia.org/wiki/New_Brunswick,_New_Jersey",,,,,,,,,,,,,,,,,,,,,,,,,,,,,,,,,,,,
New Hanover,Burlington,3400551510,township,unvisited,,,,,,"https://en.wikipedia.org/wiki/New_Hanover_Township,_New_Jersey",,,,,,,,,,,,,,,,,,,,,,,,,,,,,,,,,,,,
New Milford,Bergen,3400351660,borough,unvisited,,,,,,"https://en.wikipedia.org/wiki/New_Milford,_New_Jersey",,,,,,,,,,,,,,,,,,,,,,,,,,,,,,,,,,,,
New Providence,Union,3403951810,borough,unvisited,,,,,,"https://en.wikipedia.org/wiki/New_Providence,_New_Jersey",,,,,,,,,,,,,,,,,,,,,,,,,,,,,,,,,,,,
Newark,Essex,3401351000,city,unvisited,,,,,,"https://en.wikipedia.org/wiki/Newark,_New_Jersey",,,,,,,,,,,,,,,,,,,,,,,,,,,,,,,,,,,,
Newfield,Gloucester,3401551390,borough,unvisited,,,,,,"https://en.wikipedia.org/wiki/Newfield,_New_Jersey",,,,,,,,,,,,,,,,,,,,,,,,,,,,,,,,,,,,
Newton,Sussex,3403751930,town,unvisited,,,,,,"https://en.wikipedia.org/wiki/Newton,_New_Jersey",,,,,,,,,,,,,,,,,,,,,,,,,,,,,,,,,,,,
North Arlington,Bergen,3400352320,borough,unvisited,,,,,,"https://en.wikipedia.org/wiki/North_Arlington,_New_Jersey",,,,,,,,,,,,,,,,,,,,,,,,,,,,,,,,,,,,
North Bergen,Hudson,3401752470,township,unvisited,,,,,,"https://en.wikipedia.org/wiki/North_Bergen_Township,_New_Jersey",,,,,,,,,,,,,,,,,,,,,,,,,,,,,,,,,,,,
North Brunswick,Middlesex,3402352560,township,unvisited,,,,,,"https://en.wikipedia.org/wiki/North_Brunswick_Township,_New_Jersey",,,,,,,,,,,,,,,,,,,,,,,,,,,,,,,,,,,,
North Caldwell,Essex,3401352620,borough,unvisited,,,,,,"https://en.wikipedia.org/wiki/North_Caldwell,_New_Jersey",,,,,,,,,,,,,,,,,,,,,,,,,,,,,,,,,,,,
North Haledon,Passaic,3403153040,borough,unvisited,,,,,,"https://en.wikipedia.org/wiki/North_Haledon,_New_Jersey",,,,,,,,,,,,,,,,,,,,,,,,,,,,,,,,,,,,
North Hanover,Burlington,3400553070,township,unvisited,,,,,,"https://en.wikipedia.org/wiki/North_Hanover_Township,_New_Jersey",,,,,,,,,,,,,,,,,,,,,,,,,,,,,,,,,,,,
North Plainfield,Somerset,3403553280,borough,unvisited,,,,,,"https://en.wikipedia.org/wiki/North_Plainfield,_New_Jersey",,,,,,,,,,,,,,,,,,,,,,,,,,,,,,,,,,,,
North Wildwood,Cape May,3400953490,city,unvisited,,,,,,"https://en.wikipedia.org/wiki/North_Wildwood,_New_Jersey",,,,,,,,,,,,,,,,,,,,,,,,,,,,,,,,,,,,
Northfield,Atlantic,3400152950,city,pre-challenge,,Venture's Offshore Café,2024-11-23,Ventura's Offshore Café,https://www.venturascafe.com/,"https://en.wikipedia.org/wiki/Northfield,_New_Jersey",,,,,,,,,,,,,,,,,,,,,,,,,,,,,,,,,,,,
Northvale,Bergen,3400353430,borough,unvisited,,,,,,"https://en.wikipedia.org/wiki/Northvale,_New_Jersey",,,,,,,,,,,,,,,,,,,,,,,,,,,,,,,,,,,,
Norwood,Bergen,3400353610,borough,unvisited,,,,,,"https://en.wikipedia.org/wiki/Norwood,_New_Jersey",,,,,,,,,,,,,,,,,,,,,,,,,,,,,,,,,,,,
Nutley,Essex,3401353680,township,unvisited,,,,,,"https://en.wikipedia.org/wiki/Nutley_Township,_New_Jersey",,,,,,,,,,,,,,,,,,,,,,,,,,,,,,,,,,,,
Oakland,Bergen,3400353850,borough,unvisited,,,,,,"https://en.wikipedia.org/wiki/Oakland,_New_Jersey",,,,,,,,,,,,,,,,,,,,,,,,,,,,,,,,,,,,
Oaklyn,Camden,3400753880,borough,unvisited,,,,,,"https://en.wikipedia.org/wiki/Oaklyn,_New_Jersey",,,,,,,,,,,,,,,,,,,,,,,,,,,,,,,,,,,,
Ocean,Monmouth,3402554270,township,unvisited,,,,,,"https://en.wikipedia.org/wiki/Ocean_Township,_New_Jersey",,,,,,,,,,,,,,,,,,,,,,,,,,,,,,,,,,,,
Ocean,Ocean,3402954300,township,unvisited,,,,,,"https://en.wikipedia.org/wiki/Ocean_Township,_New_Jersey",,,,,,,,,,,,,,,,,,,,,,,,,,,,,,,,,,,,
Ocean City,Cape May,3400954360,city,pre-challenge,,Chatterbox,2017-07-30,,,"https://en.wikipedia.org/wiki/Ocean_City,_New_Jersey",,,,,,,,,,,,,,,,,,,,,,,,,,,,,,,,,,,,
Ocean Gate,Ocean,3402954450,borough,unvisited,,,,,,"https://en.wikipedia.org/wiki/Ocean_Gate,_New_Jersey",,,,,,,,,,,,,,,,,,,,,,,,,,,,,,,,,,,,
Oceanport,Monmouth,3402554570,borough,visited,,,,,,"https://en.wikipedia.org/wiki/Oceanport,_New_Jersey",,,,,,,,,,,,,,,,,,,,,,,,,,,Town #117,https://www.instagram.com/p/DLkqHGKxgPY/,,,,,,,,
Ogdensburg,Sussex,3403754660,borough,unvisited,,,,,,"https://en.wikipedia.org/wiki/Ogdensburg,_New_Jersey",,,,,,,,,,,,,,,,,,,,,,,,,,,,,,,,,,,,
Old Bridge,Middlesex,3402354705,township,unvisited,,,,,,"https://en.wikipedia.org/wiki/Old_Bridge_Township,_New_Jersey",,,,,,,,,,,,,,,,,,,,,,,,,,,,,,,,,,,,
Old Tappan,Bergen,3400354870,borough,unvisited,,,,,,"https://en.wikipedia.org/wiki/Old_Tappan,_New_Jersey",,,,,,,,,,,,,,,,,,,,,,,,,,,,,,,,,,,,
Oldmans,Salem,3403354810,township,unvisited,,,,,,"https://en.wikipedia.org/wiki/Oldmans_Township,_New_Jersey",,,,,,,,,,,,,,,,,,,,,,,,,,,,,,,,,,,,
Oradell,Bergen,3400354990,borough,unvisited,,,,,,"https://en.wikipedia.org/wiki/Oradell,_New_Jersey",,,,,,,,,,,,,,,,,,,,,,,,,,,,,,,,,,,,
Oxford,Warren,3404155530,township,unvisited,,,,,,"https://en.wikipedia.org/wiki/Oxford_Township,_New_Jersey",,,,,,,,,,,,,,,,,,,,,,,,,,,,,,,,,,,,
Palisades Park,Bergen,3400355770,borough,unvisited,,,,,,"https://en.wikipedia.org/wiki/Palisades_Park,_New_Jersey",,,,,,,,,,,,,,,,,,,,,,,,,,,,,,,,,,,,
Palmyra,Burlington,3400555800,borough,unvisited,,,,,,"https://en.wikipedia.org/wiki/Palmyra,_New_Jersey",,,,,,,,,,,,,,,,,,,,,,,,,,,,,,,,,,,,
Paramus,Bergen,3400355950,borough,unvisited,,,,,,"https://en.wikipedia.org/wiki/Paramus,_New_Jersey",,,,,,,,,,,,,,,,,,,,,,,,,,,,,,,,,,,,
Park Ridge,Bergen,3400356130,borough,unvisited,,,,,,"https://en.wikipedia.org/wiki/Park_Ridge,_New_Jersey",,,,,,,,,,,,,,,,,,,,,,,,,,,,,,,,,,,,
Parsippany-Troy Hills,Morris,3402756460,township,unvisited,,,,,,"https://en.wikipedia.org/wiki/Parsippany-Troy_Hills_Township,_New_Jersey",,,,,,,,,,,,,,,,,,,,,,,,,,,,,,,,,,,,
Passaic,Passaic,3403156550,city,unvisited,,,,,,"https://en.wikipedia.org/wiki/Passaic,_New_Jersey",,,,,,,,,,,,,,,,,,,,,,,,,,,,,,,,,,,,
Paterson,Passaic,3403157000,city,unvisited,,,,,,"https://en.wikipedia.org/wiki/Paterson,_New_Jersey",,,,,,,,,,,,,,,,,,,,,,,,,,,,,,,,,,,,
Paulsboro,Gloucester,3401557150,borough,unvisited,,,,,,"https://en.wikipedia.org/wiki/Paulsboro,_New_Jersey",,,,,,,,,,,,,,,,,,,,,,,,,,,,,,,,,,,,
Peapack and Gladstone,Somerset,3403557300,borough,unvisited,,,,,,"https://en.wikipedia.org/wiki/Peapack_and_Gladstone,_New_Jersey",,,,,,,,,,,,,,,,,,,,,,,,,,,,,,,,,,,,
Pemberton,Burlington,3400557480,borough,unvisited,,,,,,"https://en.wikipedia.org/wiki/Pemberton,_New_Jersey",,,,,,,,,,,,,,,,,,,,,,,,,,,,,,,,,,,,
Pemberton,Burlington,3400557510,township,unvisited,,,,,,"https://en.wikipedia.org/wiki/Pemberton_Township,_New_Jersey",,,,,,,,,,,,,,,,,,,,,,,,,,,,,,,,,,,,
Pennington,Mercer,3402157600,borough,unvisited,,,,,,"https://en.wikipedia.org/wiki/Pennington,_New_Jersey",,,,,,,,,,,,,,,,,,,,,,,,,,,,,,,,,,,,
Penns Grove,Salem,3403357750,borough,unvisited,,,,,,"https://en.wikipedia.org/wiki/Penns_Grove,_New_Jersey",,,,,,,,,,,,,,,,,,,,,,,,,,,,,,,,,,,,
Pennsauken,Camden,3400757660,township,unvisited,,,,,,"https://en.wikipedia.org/wiki/Pennsauken_Township,_New_Jersey",,,,,,,,,,,,,,,,,,,,,,,,,,,,,,,,,,,,
Pennsville,Salem,3403357870,township,unvisited,,,,,,"https://en.wikipedia.org/wiki/Pennsville_Township,_New_Jersey",,,,,,,,,,,,,,,,,,,,,,,,,,,,,,,,,,,,
Pequannock,Morris,3402758110,township,unvisited,,,,,,"https://en.wikipedia.org/wiki/Pequannock_Township,_New_Jersey",,,,,,,,,,,,,,,,,,,,,,,,,,,,,,,,,,,,
Perth Amboy,Middlesex,3402358200,city,unvisited,,,,,,"https://en.wikipedia.org/wiki/Perth_Amboy,_New_Jersey",,,,,,,,,,,,,,,,,,,,,,,,,,,,,,,,,,,,
Phillipsburg,Warren,3404158350,town,unvisited,,,,,,"https://en.wikipedia.org/wiki/Phillipsburg,_New_Jersey",,,,,,,,,,,,,,,,,,,,,,,,,,,,,,,,,,,,
Pilesgrove,Salem,3403358530,township,unvisited,,,,,,"https://en.wikipedia.org/wiki/Pilesgrove_Township,_New_Jersey",,,,,,,,,,,,,,,,,,,,,,,,,,,,,,,,,,,,
Pine Beach,Ocean,3402958590,borough,visited,,,,,,"https://en.wikipedia.org/wiki/Pine_Beach,_New_Jersey",,,,,,,,,,,,,,,,,,,,,,,,,,,Town #125,https://www.instagram.com/p/DR2SfdwkZFV/,,,Town #125 - Bonus Town Trivia,https://www.instagram.com/p/DSIXszrEXxo/?img_index=1,,,,
Pine Hill,Camden,3400758770,borough,unvisited,,,,,,"https://en.wikipedia.org/wiki/Pine_Hill,_New_Jersey",,,,,,,,,,,,,,,,,,,,,,,,,,,,,,,,,,,,
Piscataway,Middlesex,3402359010,township,unvisited,,,,,,"https://en.wikipedia.org/wiki/Piscataway_Township,_New_Jersey",,,,,,,,,,,,,,,,,,,,,,,,,,,,,,,,,,,,
Pitman,Gloucester,3401559070,borough,unvisited,,,,,,"https://en.wikipedia.org/wiki/Pitman,_New_Jersey",,,,,,,,,,,,,,,,,,,,,,,,,,,,,,,,,,,,
Pittsgrove,Salem,3403359130,township,unvisited,,,,,,"https://en.wikipedia.org/wiki/Pittsgrove_Township,_New_Jersey",,,,,,,,,,,,,,,,,,,,,,,,,,,,,,,,,,,,
Plainfield,Union,3403959190,city,unvisited,,,,,,"https://en.wikipedia.org/wiki/Plainfield,_New_Jersey",,,,,,,,,,,,,,,,,,,,,,,,,,,,,,,,,,,,
Plainsboro,Middlesex,3402359280,township,unvisited,,,,,,"https://en.wikipedia.org/wiki/Plainsboro_Township,_New_Jersey",,,,,,,,,,,,,,,,,,,,,,,,,,,,,,,,,,,,
Pleasantville,Atlantic,3400159640,city,unvisited,,,,,,"https://en.wikipedia.org/wiki/Pleasantville,_New_Jersey",,,,,,,,,,,,,,,,,,,,,,,,,,,,,,,,,,,,
Plumsted,Ocean,3402959790,township,unvisited,,,,,,"https://en.wikipedia.org/wiki/Plumsted_Township,_New_Jersey",,,,,,,,,,,,,,,,,,,,,,,,,,,,,,,,,,,,
Pohatcong,Warren,3404159820,township,unvisited,,,,,,"https://en.wikipedia.org/wiki/Pohatcong_Township,_New_Jersey",,,,,,,,,,,,,,,,,,,,,,,,,,,,,,,,,,,,
Point Pleasant,Ocean,3402959880,borough,visited,,,,,,"https://en.wikipedia.org/wiki/Point_Pleasant,_New_Jersey",,,,,,,,,,,,,,,,,,,,,,,,,,,Town #101,https://www.instagram.com/p/DFIsQgHRPJ9/,,,,,,,,
Point Pleasant Beach,Ocean,3402959910,borough,unvisited,,,,,,"https://en.wikipedia.org/wiki/Point_Pleasant_Beach,_New_Jersey",,,,,,,,,,,,,,,,,,,,,,,,,,,,,,,,,,,,
Pompton Lakes,Passaic,3403160090,borough,unvisited,,,,,,"https://en.wikipedia.org/wiki/Pompton_Lakes,_New_Jersey",,,,,,,,,,,,,,,,,,,,,,,,,,,,,,,,,,,,
Port Republic,Atlantic,3400160600,city,unvisited,,,,,,"https://en.wikipedia.org/wiki/Port_Republic,_New_Jersey",,,,,,,,,,,,,,,,,,,,,,,,,,,,,,,,,,,,
Princeton,Mercer,3402160900,,unvisited,,,,,,"https://en.wikipedia.org/wiki/Princeton,_New_Jersey",,,,,,,,,,,,,,,,,,,,,,,,,,,,,,,,,,,,
Prospect Park,Passaic,3403161170,borough,unvisited,,,,,,"https://en.wikipedia.org/wiki/Prospect_Park,_New_Jersey",,,,,,,,,,,,,,,,,,,,,,,,,,,,,,,,,,,,
Quinton,Salem,3403361470,township,unvisited,,,,,,"https://en.wikipedia.org/wiki/Quinton_Township,_New_Jersey",,,,,,,,,,,,,,,,,,,,,,,,,,,,,,,,,,,,
Rahway,Union,3403961530,city,unvisited,,,,,,"https://en.wikipedia.org/wiki/Rahway,_New_Jersey",,,,,,,,,,,,,,,,,,,,,,,,,,,,,,,,,,,,
Ramsey,Bergen,3400361680,borough,unvisited,,,,,,"https://en.wikipedia.org/wiki/Ramsey,_New_Jersey",,,,,,,,,,,,,,,,,,,,,,,,,,,,,,,,,,,,
Randolph,Morris,3402761890,township,unvisited,,,,,,"https://en.wikipedia.org/wiki/Randolph_Township,_New_Jersey",,,,,,,,,,,,,,,,,,,,,,,,,,,,,,,,,,,,
Raritan,Hunterdon,3401961920,township,visited,,,,,,"https://en.wikipedia.org/wiki/Raritan_Township,_New_Jersey",,,,,,,,,,,,,,,,,,,,,,,,,,,Town #106,https://www.instagram.com/p/DGOlCNwx4Om/?img_index=1,,,,,,,,
Raritan,Somerset,3403561980,borough,unvisited,,,,,,"https://en.wikipedia.org/wiki/Raritan,_New_Jersey",,,,,,,,,,,,,,,,,,,,,,,,,,,,,,,,,,,,
Readington,Hunterdon,3401962250,township,queued,273,June's Tuttobene Restaurant,2025-06-01,Junes Tuttobene Italian Restaurant,https://www.instagram.com/reel/DN0dg8a4tIR/,"https://en.wikipedia.org/wiki/Readington_Township,_New_Jersey",,,,,,,,,,,,,,,,,,,,,,,,,,,,,,,,,,,,
Red Bank,Monmouth,3402562430,borough,unvisited,,,,,,"https://en.wikipedia.org/wiki/Red_Bank,_New_Jersey",,,,,,,,,,,,,,,,,,,,,,,,,,,,,,,,,,,,
Ridgefield,Bergen,3400362910,borough,unvisited,,,,,,"https://en.wikipedia.org/wiki/Ridgefield,_New_Jersey",,,,,,,,,,,,,,,,,,,,,,,,,,,,,,,,,,,,
Ridgefield Park,Bergen,3400362940,village,unvisited,,,,,,"https://en.wikipedia.org/wiki/Ridgefield_Park,_New_Jersey",,,,,,,,,,,,,,,,,,,,,,,,,,,,,,,,,,,,
Ridgewood,Bergen,3400363000,village,unvisited,,,,,,"https://en.wikipedia.org/wiki/Ridgewood,_New_Jersey",,,,,,,,,,,,,,,,,,,,,,,,,,,,,,,,,,,,
Ringwood,Passaic,3403163150,borough,unvisited,,,,,,"https://en.wikipedia.org/wiki/Ringwood,_New_Jersey",,,,,,,,,,,,,,,,,,,,,,,,,,,,,,,,,,,,
River Edge,Bergen,3400363360,borough,unvisited,,,,,,"https://en.wikipedia.org/wiki/River_Edge,_New_Jersey",,,,,,,,,,,,,,,,,,,,,,,,,,,,,,,,,,,,
River Vale,Bergen,3400363690,township,unvisited,,,,,,"https://en.wikipedia.org/wiki/River_Vale_Township,_New_Jersey",,,,,,,,,,,,,,,,,,,,,,,,,,,,,,,,,,,,
Riverdale,Morris,3402763300,borough,unvisited,,,,,,"https://en.wikipedia.org/wiki/Riverdale,_New_Jersey",,,,,,,,,,,,,,,,,,,,,,,,,,,,,,,,,,,,
Riverside,Burlington,3400563510,township,unvisited,,,,,,"https://en.wikipedia.org/wiki/Riverside_Township,_New_Jersey",,,,,,,,,,,,,,,,,,,,,,,,,,,,,,,,,,,,
Riverton,Burlington,3400563660,borough,unvisited,,,,,,"https://en.wikipedia.org/wiki/Riverton,_New_Jersey",,,,,,,,,,,,,,,,,,,,,,,,,,,,,,,,,,,,
Robbinsville,Mercer,3402163850,township,unvisited,,,,,,"https://en.wikipedia.org/wiki/Robbinsville_Township,_New_Jersey",,,,,,,,,,,,,,,,,,,,,,,,,,,,,,,,,,,,
Rochelle Park,Bergen,3400363990,township,unvisited,,,,,,"https://en.wikipedia.org/wiki/Rochelle_Park_Township,_New_Jersey",,,,,,,,,,,,,,,,,,,,,,,,,,,,,,,,,,,,
Rockaway,Morris,3402764050,borough,unvisited,,,,,,"https://en.wikipedia.org/wiki/Rockaway,_New_Jersey",,,,,,,,,,,,,,,,,,,,,,,,,,,,,,,,,,,,
Rockaway,Morris,3402764080,township,unvisited,,,,,,"https://en.wikipedia.org/wiki/Rockaway_Township,_New_Jersey",,,,,,,,,,,,,,,,,,,,,,,,,,,,,,,,,,,,
Rockleigh,Bergen,3400364170,borough,unvisited,,,,,,"https://en.wikipedia.org/wiki/Rockleigh,_New_Jersey",,,,,,,,,,,,,,,,,,,,,,,,,,,,,,,,,,,,
Rocky Hill,Somerset,3403564320,borough,unvisited,,,,,,"https://en.wikipedia.org/wiki/Rocky_Hill,_New_Jersey",,,,,,,,,,,,,,,,,,,,,,,,,,,,,,,,,,,,
Roosevelt,Monmouth,3402564410,borough,unvisited,,,,,,"https://en.wikipedia.org/wiki/Roosevelt,_New_Jersey",,,,,,,,,,,,,,,,,,,,,,,,,,,,,,,,,,,,
Roseland,Essex,3401364590,borough,unvisited,,,,,,"https://en.wikipedia.org/wiki/Roseland,_New_Jersey",,,,,,,,,,,,,,,,,,,,,,,,,,,,,,,,,,,,
Roselle,Union,3403964620,borough,unvisited,,,,,,"https://en.wikipedia.org/wiki/Roselle,_New_Jersey",,,,,,,,,,,,,,,,,,,,,,,,,,,,,,,,,,,,
Roselle Park,Union,3403964650,borough,unvisited,,,,,,"https://en.wikipedia.org/wiki/Roselle_Park,_New_Jersey",,,,,,,,,,,,,,,,,,,,,,,,,,,,,,,,,,,,
Roxbury,Morris,3402764980,township,unvisited,,,,,,"https://en.wikipedia.org/wiki/Roxbury_Township,_New_Jersey",,,,,,,,,,,,,,,,,,,,,,,,,,,,,,,,,,,,
Rumson,Monmouth,3402565130,borough,visited,,,,,,"https://en.wikipedia.org/wiki/Rumson,_New_Jersey",,,,,,,,,,,,,,,,,,,,,,,,,,,Town #108,https://www.instagram.com/p/DG3595cRolx/,,,,,,,,
Runnemede,Camden,3400765160,borough,unvisited,,,,,,"https://en.wikipedia.org/wiki/Runnemede,_New_Jersey",,,,,,,,,,,,,,,,,,,,,,,,,,,,,,,,,,,,
Rutherford,Bergen,3400365280,borough,unvisited,,,,,,"https://en.wikipedia.org/wiki/Rutherford,_New_Jersey",,,,,,,,,,,,,,,,,,,,,,,,,,,,,,,,,,,,
Saddle Brook,Bergen,3400365340,township,unvisited,,,,,,"https://en.wikipedia.org/wiki/Saddle_Brook_Township,_New_Jersey",,,,,,,,,,,,,,,,,,,,,,,,,,,,,,,,,,,,
Saddle River,Bergen,3400365400,borough,unvisited,,,,,,"https://en.wikipedia.org/wiki/Saddle_River,_New_Jersey",,,,,,,,,,,,,,,,,,,,,,,,,,,,,,,,,,,,
Salem,Salem,3403365490,city,unvisited,,,,,,"https://en.wikipedia.org/wiki/Salem,_New_Jersey",,,,,,,,,,,,,,,,,,,,,,,,,,,,,,,,,,,,
Sandyston,Sussex,3403765700,township,unvisited,,,,,,"https://en.wikipedia.org/wiki/Sandyston_Township,_New_Jersey",,,,,,,,,,,,,,,,,,,,,,,,,,,,,,,,,,,,
Sayreville,Middlesex,3402365790,borough,unvisited,,,,,,"https://en.wikipedia.org/wiki/Sayreville,_New_Jersey",,,,,,,,,,,,,,,,,,,,,,,,,,,,,,,,,,,,
Scotch Plains,Union,3403966060,township,unvisited,,,,,,"https://en.wikipedia.org/wiki/Scotch_Plains_Township,_New_Jersey",,,,,,,,,,,,,,,,,,,,,,,,,,,,,,,,,,,,
Sea Bright,Monmouth,3402566240,borough,unvisited,,,,,,"https://en.wikipedia.org/wiki/Sea_Bright,_New_Jersey",,,,,,,,,,,,,,,,,,,,,,,,,,,,,,,,,,,,
Sea Girt,Monmouth,3402566330,borough,unvisited,,,,,,"https://en.wikipedia.org/wiki/Sea_Girt,_New_Jersey",,,,,,,,,,,,,,,,,,,,,,,,,,,,,,,,,,,,
Sea Isle City,Cape May,3400966390,city,queued,,Sunset Pier Restaurant & Juice Bar,2024-09-29,Sunset Pier,https://sunsetpiersic.com/,"https://en.wikipedia.org/wiki/Sea_Isle_City,_New_Jersey",,,,,,,,,,,,,,,,,,,,,,,,,,,,,,,,,,,,
Seaside Heights,Ocean,3402966450,borough,unvisited,,,,,,"https://en.wikipedia.org/wiki/Seaside_Heights,_New_Jersey",,,,,,,,,,,,,,,,,,,,,,,,,,,,,,,,,,,,
Seaside Park,Ocean,3402966480,borough,unvisited,,,,,,"https://en.wikipedia.org/wiki/Seaside_Park,_New_Jersey",,,,,,,,,,,,,,,,,,,,,,,,,,,,,,,,,,,,
Secaucus,Hudson,3401766570,town,unvisited,,,,,,"https://en.wikipedia.org/wiki/Secaucus,_New_Jersey",,,,,,,,,,,,,,,,,,,,,,,,,,,,,,,,,,,,
Shamong,Burlington,3400566810,township,unvisited,,,,,,"https://en.wikipedia.org/wiki/Shamong_Township,_New_Jersey",,,,,,,,,,,,,,,,,,,,,,,,,,,,,,,,,,,,
Shiloh,Cumberland,3401167020,borough,unvisited,,,,,,"https://en.wikipedia.org/wiki/Shiloh,_New_Jersey",,,,,,,,,,,,,,,,,,,,,,,,,,,,,,,,,,,,
Ship Bottom,Ocean,3402967110,borough,unvisited,,,,,,"https://en.wikipedia.org/wiki/Ship_Bottom,_New_Jersey",,,,,,,,,,,,,,,,,,,,,,,,,,,,,,,,,,,,
Shrewsbury,Monmouth,3402567350,borough,unvisited,,,,,,"https://en.wikipedia.org/wiki/Shrewsbury,_New_Jersey",,,,,,,,,,,,,,,,,,,,,,,,,,,,,,,,,,,,
Shrewsbury,Monmouth,3402567365,township,unvisited,,,,,,"https://en.wikipedia.org/wiki/Shrewsbury_Township,_New_Jersey",,,,,,,,,,,,,,,,,,,,,,,,,,,,,,,,,,,,
Somerdale,Camden,3400768340,borough,unvisited,,,,,,"https://en.wikipedia.org/wiki/Somerdale,_New_Jersey",,,,,,,,,,,,,,,,,,,,,,,,,,,,,,,,,,,,
Somers Point,Atlantic,3400168430,city,pre-challenge,,Manco & Manco,2021-02-23,Manco and Manco,https://mancospizza.com/,"https://en.wikipedia.org/wiki/Somers_Point,_New_Jersey",,,,,,,,,,,,,,,,,,,,,,,,,,,,,,,,,,,,
Somerville,Somerset,3403568460,borough,unvisited,,,,,,"https://en.wikipedia.org/wiki/Somerville,_New_Jersey",,,,,,,,,,,,,,,,,,,,,,,,,,,,,,,,,,,,
South Amboy,Middlesex,3402368550,city,visited,,,,,,"https://en.wikipedia.org/wiki/South_Amboy,_New_Jersey",,,,,,,,,,,,,,,,,,,,,,,,,,,Town #92,https://www.instagram.com/p/DDuUI-IxkHG/,,,,,,,,
South Bound Brook,Somerset,3403568730,borough,unvisited,,,,,,"https://en.wikipedia.org/wiki/South_Bound_Brook,_New_Jersey",,,,,,,,,,,,,,,,,,,,,,,,,,,,,,,,,,,,
South Brunswick,Middlesex,3402368790,township,unvisited,,,,,,"https://en.wikipedia.org/wiki/South_Brunswick_Township,_New_Jersey",,,,,,,,,,,,,,,,,,,,,,,,,,,,,,,,,,,,
South Hackensack,Bergen,3400368970,township,unvisited,,,,,,"https://en.wikipedia.org/wiki/South_Hackensack_Township,_New_Jersey",,,,,,,,,,,,,,,,,,,,,,,,,,,,,,,,,,,,
South Harrison,Gloucester,3401569030,township,unvisited,,,,,,"https://en.wikipedia.org/wiki/South_Harrison_Township,_New_Jersey",,,,,,,,,,,,,,,,,,,,,,,,,,,,,,,,,,,,
South Orange Village,Essex,3401369274,township,unvisited,,,,,,"https://en.wikipedia.org/wiki/South_Orange_Village_Township,_New_Jersey",,,,,,,,,,,,,,,,,,,,,,,,,,,,,,,,,,,,
South Plainfield,Middlesex,3402369390,borough,unvisited,,,,,,"https://en.wikipedia.org/wiki/South_Plainfield,_New_Jersey",,,,,,,,,,,,,,,,,,,,,,,,,,,,,,,,,,,,
South River,Middlesex,3402369420,borough,visited,,,,,,"https://en.wikipedia.org/wiki/South_River,_New_Jersey",,,,,,,,,,,,,,,,,,,,,,,,,,,Town #126,https://www.instagram.com/p/DTVl0cWkdY0/,,,Town #126 - Bonus Town Trivia,https://www.instagram.com/p/DT-smhOEV3T/?img_index=1,,,,
South Toms River,Ocean,3402969510,borough,unvisited,,,,,,"https://en.wikipedia.org/wiki/South_Toms_River,_New_Jersey",,,,,,,,,,,,,,,,,,,,,,,,,,,,,,,,,,,,
Southampton,Burlington,3400568610,township,unvisited,,,,,,"https://en.wikipedia.org/wiki/Southampton_Township,_New_Jersey",,,,,,,,,,,,,,,,,,,,,,,,,,,,,,,,,,,,
Sparta,Sussex,3403769690,township,visited,127,iL Porto on Lake Mohawk,2023-10-23,,,"https://en.wikipedia.org/wiki/Sparta_Township,_New_Jersey",NJ Town #127: Sparta,https://www.instagram.com/p/DVBriqhETIi/,NJ Town #127: Bonus Town Trivia,https://www.instagram.com/p/DVUJ7vqEbeQ/?img_index=1,,,,,,,,,,,,,,,,,NJ Town #127: Sparta,https://www.facebook.com/reel/2103835743742891,NJ Town #127: Bonus Town Trivia,https://www.facebook.com/permalink.php?story_fbid=pfbid02K54x1dkR45WLASLhGaRmc8CEv9vtwFPbTbUUZiDig5BKhZmAifGy6khSH62CiFG4l&id=61569640546791,,,,,,,,,,,,
Spotswood,Middlesex,3402369810,borough,unvisited,,,,,,"https://en.wikipedia.org/wiki/Spotswood,_New_Jersey",,,,,,,,,,,,,,,,,,,,,,,,,,,,,,,,,,,,
Spring Lake,Monmouth,3402570110,borough,unvisited,,,,,,"https://en.wikipedia.org/wiki/Spring_Lake,_New_Jersey",,,,,,,,,,,,,,,,,,,,,,,,,,,,,,,,,,,,
Spring Lake Heights,Monmouth,3402570140,borough,unvisited,,,,,,"https://en.wikipedia.org/wiki/Spring_Lake_Heights,_New_Jersey",,,,,,,,,,,,,,,,,,,,,,,,,,,,,,,,,,,,
Springfield,Burlington,3400569990,township,unvisited,,,,,,"https://en.wikipedia.org/wiki/Springfield_Township,_New_Jersey",,,,,,,,,,,,,,,,,,,,,,,,,,,,,,,,,,,,
Springfield,Union,3403970020,township,unvisited,,,,,,"https://en.wikipedia.org/wiki/Springfield_Township,_New_Jersey",,,,,,,,,,,,,,,,,,,,,,,,,,,,,,,,,,,,
Stafford,Ocean,3402970320,township,unvisited,,,,,,"https://en.wikipedia.org/wiki/Stafford_Township,_New_Jersey",,,,,,,,,,,,,,,,,,,,,,,,,,,,,,,,,,,,
Stanhope,Sussex,3403770380,borough,unvisited,,,,,,"https://en.wikipedia.org/wiki/Stanhope,_New_Jersey",,,,,,,,,,,,,,,,,,,,,,,,,,,,,,,,,,,,
Stillwater,Sussex,3403770890,township,unvisited,,,,,,"https://en.wikipedia.org/wiki/Stillwater_Township,_New_Jersey",,,,,,,,,,,,,,,,,,,,,,,,,,,,,,,,,,,,
Stockton,Hunterdon,3401970980,borough,unvisited,,,,,,"https://en.wikipedia.org/wiki/Stockton,_New_Jersey",,,,,,,,,,,,,,,,,,,,,,,,,,,,,,,,,,,,
Stone Harbor,Cape May,3400971010,borough,unvisited,,,,,,"https://en.wikipedia.org/wiki/Stone_Harbor,_New_Jersey",,,,,,,,,,,,,,,,,,,,,,,,,,,,,,,,,,,,
Stow Creek,Cumberland,3401171160,township,unvisited,,,,,,"https://en.wikipedia.org/wiki/Stow_Creek_Township,_New_Jersey",,,,,,,,,,,,,,,,,,,,,,,,,,,,,,,,,,,,
Stratford,Camden,3400771220,borough,unvisited,,,,,,"https://en.wikipedia.org/wiki/Stratford,_New_Jersey",,,,,,,,,,,,,,,,,,,,,,,,,,,,,,,,,,,,
Summit,Union,3403971430,city,unvisited,,,,,,"https://en.wikipedia.org/wiki/Summit,_New_Jersey",,,,,,,,,,,,,,,,,,,,,,,,,,,,,,,,,,,,
Surf City,Ocean,3402971640,borough,unvisited,,,,,,"https://en.wikipedia.org/wiki/Surf_City,_New_Jersey",,,,,,,,,,,,,,,,,,,,,,,,,,,,,,,,,,,,
Sussex,Sussex,3403771670,borough,unvisited,,,,,,"https://en.wikipedia.org/wiki/Sussex,_New_Jersey",,,,,,,,,,,,,,,,,,,,,,,,,,,,,,,,,,,,
Swedesboro,Gloucester,3401571850,borough,unvisited,,,,,,"https://en.wikipedia.org/wiki/Swedesboro,_New_Jersey",,,,,,,,,,,,,,,,,,,,,,,,,,,,,,,,,,,,
Tabernacle,Burlington,3400572060,township,unvisited,,,,,,"https://en.wikipedia.org/wiki/Tabernacle_Township,_New_Jersey",,,,,,,,,,,,,,,,,,,,,,,,,,,,,,,,,,,,
Tavistock,Camden,3400772240,borough,unvisited,,,,,,"https://en.wikipedia.org/wiki/Tavistock,_New_Jersey",,,,,,,,,,,,,,,,,,,,,,,,,,,,,,,,,,,,
Teaneck,Bergen,3400372360,township,unvisited,,,,,,"https://en.wikipedia.org/wiki/Teaneck_Township,_New_Jersey",,,,,,,,,,,,,,,,,,,,,,,,,,,,,,,,,,,,
Tenafly,Bergen,3400372420,borough,unvisited,,,,,,"https://en.wikipedia.org/wiki/Tenafly,_New_Jersey",,,,,,,,,,,,,,,,,,,,,,,,,,,,,,,,,,,,
Teterboro,Bergen,3400372480,borough,unvisited,,,,,,"https://en.wikipedia.org/wiki/Teterboro,_New_Jersey",,,,,,,,,,,,,,,,,,,,,,,,,,,,,,,,,,,,
Tewksbury,Hunterdon,3401972510,township,unvisited,,,,,,"https://en.wikipedia.org/wiki/Tewksbury_Township,_New_Jersey",,,,,,,,,,,,,,,,,,,,,,,,,,,,,,,,,,,,
Tinton Falls,Monmouth,3402573020,borough,unvisited,,,,,,"https://en.wikipedia.org/wiki/Tinton_Falls,_New_Jersey",,,,,,,,,,,,,,,,,,,,,,,,,,,,,,,,,,,,
Toms River,Ocean,3402973125,township,unvisited,,,,,,"https://en.wikipedia.org/wiki/Toms_River_Township,_New_Jersey",,,,,,,,,,,,,,,,,,,,,,,,,,,,,,,,,,,,
Totowa,Passaic,3403173140,borough,unvisited,,,,,,"https://en.wikipedia.org/wiki/Totowa,_New_Jersey",,,,,,,,,,,,,,,,,,,,,,,,,,,,,,,,,,,,
Trenton,Mercer,3402174000,city,visited,,,,,,"https://en.wikipedia.org/wiki/Trenton,_New_Jersey",,,,,,,,,,,,,,,,,,,,,,,,,,,Town #97,https://www.instagram.com/p/DEyDW4nxqnD/?img_index=1,,,,,,,,
Tuckerton,Ocean,3402974210,borough,unvisited,,,,,,"https://en.wikipedia.org/wiki/Tuckerton,_New_Jersey",,,,,,,,,,,,,,,,,,,,,,,,,,,,,,,,,,,,
Union,Hunterdon,3401974420,township,visited,121,Clinton Station Diner,2023-10-08,,,"https://en.wikipedia.org/wiki/Union_Township,_New_Jersey",NJ Town #121 - Union Township (Hunterdon County),https://www.instagram.com/reel/DN0dg8a4tIR/,Bonus Town Trivia,https://www.instagram.com/p/DOOz5AaEVfq/?img_index=1,,,,,,,,,,,,,,,,,Bonus Town Trivia,https://www.facebook.com/permalink.php?story_fbid=pfbid0KZuEYMu5aNCao9mesuW6SzP9afJsdC2odhzVLb2G3nGsfoTbo2KPrrqSULzASKhQl&id=61569640546791,,,,,,,,,,,,,,
Union,Union,3403974480,township,visited,,,,,,"https://en.wikipedia.org/wiki/Union_Township,_New_Jersey",,,,,,,,,,,,,,,,,,,,,,,,,,,Town #120,https://www.instagram.com/p/DMp00ITR77n/,,,Town #120 - Bonus Town Trivia,https://www.instagram.com/p/DM-9HJSxuFF/?img_index=1,,,,
Union Beach,Monmouth,3402574540,borough,unvisited,,,,,,"https://en.wikipedia.org/wiki/Union_Beach,_New_Jersey",,,,,,,,,,,,,,,,,,,,,,,,,,,,,,,,,,,,
Union City,Hudson,3401774630,city,unvisited,,,,,,"https://en.wikipedia.org/wiki/Union_City,_New_Jersey",,,,,,,,,,,,,,,,,,,,,,,,,,,,,,,,,,,,
Upper,Cape May,3400974810,township,pre-challenge,,The Deauville Inn,2017-07-30,The Deauville Inn,https://deauvilleinn.com/,"https://en.wikipedia.org/wiki/Upper_Township,_New_Jersey",,,,,,,,,,,,,,,,,,,,,,,,,,,,,,,,,,,,
Upper Deerfield,Cumberland,3401174870,township,unvisited,,,,,,"https://en.wikipedia.org/wiki/Upper_Deerfield_Township,_New_Jersey",,,,,,,,,,,,,,,,,,,,,,,,,,,,,,,,,,,,
Upper Freehold,Monmouth,3402574900,township,unvisited,,,,,,"https://en.wikipedia.org/wiki/Upper_Freehold_Township,_New_Jersey",,,,,,,,,,,,,,,,,,,,,,,,,,,,,,,,,,,,
Upper Pittsgrove,Salem,3403375110,township,unvisited,,,,,,"https://en.wikipedia.org/wiki/Upper_Pittsgrove_Township,_New_Jersey",,,,,,,,,,,,,,,,,,,,,,,,,,,,,,,,,,,,
Upper Saddle River,Bergen,3400375140,borough,unvisited,,,,,,"https://en.wikipedia.org/wiki/Upper_Saddle_River,_New_Jersey",,,,,,,,,,,,,,,,,,,,,,,,,,,,,,,,,,,,
Ventnor City,Atlantic,3400175620,city,unvisited,,,,,,"https://en.wikipedia.org/wiki/Ventnor_City,_New_Jersey",,,,,,,,,,,,,,,,,,,,,,,,,,,,,,,,,,,,
Vernon,Sussex,3403775740,township,unvisited,,,,,,"https://en.wikipedia.org/wiki/Vernon_Township,_New_Jersey",,,,,,,,,,,,,,,,,,,,,,,,,,,,,,,,,,,,
Verona,Essex,3401375815,township,unvisited,,,,,,"https://en.wikipedia.org/wiki/Verona_Township,_New_Jersey",,,,,,,,,,,,,,,,,,,,,,,,,,,,,,,,,,,,
Victory Gardens,Morris,3402775890,borough,unvisited,,,,,,"https://en.wikipedia.org/wiki/Victory_Gardens,_New_Jersey",,,,,,,,,,,,,,,,,,,,,,,,,,,,,,,,,,,,
Vineland,Cumberland,3401176070,city,unvisited,,,,,,"https://en.wikipedia.org/wiki/Vineland,_New_Jersey",,,,,,,,,,,,,,,,,,,,,,,,,,,,,,,,,,,,
Voorhees,Camden,3400776220,township,unvisited,,,,,,"https://en.wikipedia.org/wiki/Voorhees_Township,_New_Jersey",,,,,,,,,,,,,,,,,,,,,,,,,,,,,,,,,,,,
Waldwick,Bergen,3400376400,borough,unvisited,,,,,,"https://en.wikipedia.org/wiki/Waldwick,_New_Jersey",,,,,,,,,,,,,,,,,,,,,,,,,,,,,,,,,,,,
Wall,Monmouth,3402576460,township,unvisited,,,,,,"https://en.wikipedia.org/wiki/Wall_Township,_New_Jersey",,,,,,,,,,,,,,,,,,,,,,,,,,,,,,,,,,,,
Wallington,Bergen,3400376490,borough,unvisited,,,,,,"https://en.wikipedia.org/wiki/Wallington,_New_Jersey",,,,,,,,,,,,,,,,,,,,,,,,,,,,,,,,,,,,
Walpack,Sussex,3403776640,township,unvisited,,,,,,"https://en.wikipedia.org/wiki/Walpack_Township,_New_Jersey",,,,,,,,,,,,,,,,,,,,,,,,,,,,,,,,,,,,
Wanaque,Passaic,3403176730,borough,unvisited,,,,,,"https://en.wikipedia.org/wiki/Wanaque,_New_Jersey",,,,,,,,,,,,,,,,,,,,,,,,,,,,,,,,,,,,
Wantage,Sussex,3403776790,township,unvisited,,,,,,"https://en.wikipedia.org/wiki/Wantage_Township,_New_Jersey",,,,,,,,,,,,,,,,,,,,,,,,,,,,,,,,,,,,
Warren,Somerset,3403576940,township,unvisited,,,,,,"https://en.wikipedia.org/wiki/Warren_Township,_New_Jersey",,,,,,,,,,,,,,,,,,,,,,,,,,,,,,,,,,,,
Washington,Bergen,3400377135,township,unvisited,,,,,,"https://en.wikipedia.org/wiki/Washington_Township,_New_Jersey",,,,,,,,,,,,,,,,,,,,,,,,,,,,,,,,,,,,
Washington,Burlington,3400577150,township,unvisited,,,,,,"https://en.wikipedia.org/wiki/Washington_Township,_New_Jersey",,,,,,,,,,,,,,,,,,,,,,,,,,,,,,,,,,,,
Washington,Gloucester,3401577180,township,unvisited,,,,,,"https://en.wikipedia.org/wiki/Washington_Township,_New_Jersey",,,,,,,,,,,,,,,,,,,,,,,,,,,,,,,,,,,,
Washington,Morris,3402777240,township,unvisited,,,,,,"https://en.wikipedia.org/wiki/Washington_Township,_New_Jersey",,,,,,,,,,,,,,,,,,,,,,,,,,,,,,,,,,,,
Washington,Warren,3404177270,borough,unvisited,,,,,,"https://en.wikipedia.org/wiki/Washington,_New_Jersey",,,,,,,,,,,,,,,,,,,,,,,,,,,,,,,,,,,,
Washington,Warren,3404177300,township,unvisited,,,,,,"https://en.wikipedia.org/wiki/Washington_Township,_New_Jersey",,,,,,,,,,,,,,,,,,,,,,,,,,,,,,,,,,,,
Watchung,Somerset,3403577600,borough,visited,,,,,,"https://en.wikipedia.org/wiki/Watchung,_New_Jersey",,,,,,,,,,,,,,,,,,,,,,,,,,,Town #94,https://www.instagram.com/p/DEbcy5JxUk6/?img_index=1,,,,,,,,
Waterford,Camden,3400777630,township,unvisited,,,,,,"https://en.wikipedia.org/wiki/Waterford_Township,_New_Jersey",,,,,,,,,,,,,,,,,,,,,,,,,,,,,,,,,,,,
Wayne,Passaic,3403177840,township,unvisited,,,,,,"https://en.wikipedia.org/wiki/Wayne_Township,_New_Jersey",,,,,,,,,,,,,,,,,,,,,,,,,,,,,,,,,,,,
Weehawken,Hudson,3401777930,township,unvisited,,,,,,"https://en.wikipedia.org/wiki/Weehawken_Township,_New_Jersey",,,,,,,,,,,,,,,,,,,,,,,,,,,,,,,,,,,,
Wenonah,Gloucester,3401578110,borough,unvisited,,,,,,"https://en.wikipedia.org/wiki/Wenonah,_New_Jersey",,,,,,,,,,,,,,,,,,,,,,,,,,,,,,,,,,,,
West Amwell,Hunterdon,3401978230,township,unvisited,,,,,,"https://en.wikipedia.org/wiki/West_Amwell_Township,_New_Jersey",,,,,,,,,,,,,,,,,,,,,,,,,,,,,,,,,,,,
West Caldwell,Essex,3401378510,township,unvisited,,,,,,"https://en.wikipedia.org/wiki/West_Caldwell_Township,_New_Jersey",,,,,,,,,,,,,,,,,,,,,,,,,,,,,,,,,,,,
West Cape May,Cape May,3400978530,borough,unvisited,,,,,,"https://en.wikipedia.org/wiki/West_Cape_May,_New_Jersey",,,,,,,,,,,,,,,,,,,,,,,,,,,,,,,,,,,,
West Deptford,Gloucester,3401578800,township,unvisited,,,,,,"https://en.wikipedia.org/wiki/West_Deptford_Township,_New_Jersey",,,,,,,,,,,,,,,,,,,,,,,,,,,,,,,,,,,,
West Long Branch,Monmouth,3402579310,borough,unvisited,,,,,,"https://en.wikipedia.org/wiki/West_Long_Branch,_New_Jersey",,,,,,,,,,,,,,,,,,,,,,,,,,,,,,,,,,,,
West Milford,Passaic,3403179460,township,unvisited,,,,,,"https://en.wikipedia.org/wiki/West_Milford_Township,_New_Jersey",,,,,,,,,,,,,,,,,,,,,,,,,,,,,,,,,,,,
West New York,Hudson,3401779610,town,unvisited,,,,,,"https://en.wikipedia.org/wiki/West_New_York,_New_Jersey",,,,,,,,,,,,,,,,,,,,,,,,,,,,,,,,,,,,
West Orange,Essex,3401379800,township,unvisited,,,,,,"https://en.wikipedia.org/wiki/West_Orange_Township,_New_Jersey",,,,,,,,,,,,,,,,,,,,,,,,,,,,,,,,,,,,
West Wildwood,Cape May,3400980210,borough,unvisited,,,,,,"https://en.wikipedia.org/wiki/West_Wildwood,_New_Jersey",,,,,,,,,,,,,,,,,,,,,,,,,,,,,,,,,,,,
West Windsor,Mercer,3402180240,township,unvisited,,,,,,"https://en.wikipedia.org/wiki/West_Windsor_Township,_New_Jersey",,,,,,,,,,,,,,,,,,,,,,,,,,,,,,,,,,,,
Westampton,Burlington,3400578200,township,unvisited,,,,,,"https://en.wikipedia.org/wiki/Westampton_Township,_New_Jersey",,,,,,,,,,,,,,,,,,,,,,,,,,,,,,,,,,,,
Westfield,Union,3403979040,town,unvisited,,,,,,"https://en.wikipedia.org/wiki/Westfield,_New_Jersey",,,,,,,,,,,,,,,,,,,,,,,,,,,,,,,,,,,,
Westville,Gloucester,3401580120,borough,unvisited,,,,,,"https://en.wikipedia.org/wiki/Westville,_New_Jersey",,,,,,,,,,,,,,,,,,,,,,,,,,,,,,,,,,,,
Westwood,Bergen,3400380270,borough,unvisited,,,,,,"https://en.wikipedia.org/wiki/Westwood,_New_Jersey",,,,,,,,,,,,,,,,,,,,,,,,,,,,,,,,,,,,
Weymouth,Atlantic,3400180330,township,unvisited,,,,,,"https://en.wikipedia.org/wiki/Weymouth_Township,_New_Jersey",,,,,,,,,,,,,,,,,,,,,,,,,,,,,,,,,,,,
Wharton,Morris,3402780390,borough,unvisited,,,,,,"https://en.wikipedia.org/wiki/Wharton,_New_Jersey",,,,,,,,,,,,,,,,,,,,,,,,,,,,,,,,,,,,
White,Warren,3404180570,township,unvisited,,,,,,"https://en.wikipedia.org/wiki/White_Township,_New_Jersey",,,,,,,,,,,,,,,,,,,,,,,,,,,,,,,,,,,,
Wildwood,Cape May,3400981170,city,pre-challenge,,Mack's Pizza,2017-07-03,,,"https://en.wikipedia.org/wiki/Wildwood,_New_Jersey",,,,,,,,,,,,,,,,,,,,,,,,,,,,,,,,,,,,
Wildwood Crest,Cape May,3400981200,borough,unvisited,,,,,,"https://en.wikipedia.org/wiki/Wildwood_Crest,_New_Jersey",,,,,,,,,,,,,,,,,,,,,,,,,,,,,,,,,,,,
Willingboro,Burlington,3400581440,township,visited,,,,,,"https://en.wikipedia.org/wiki/Willingboro_Township,_New_Jersey",,,,,,,,,,,,,,,,,,,,,,,,,,,Town #88,https://www.instagram.com/p/DCxn3puxCkK/?img_index=1,,,,,,,,
Winfield,Union,3403981650,township,unvisited,,,,,,"https://en.wikipedia.org/wiki/Winfield_Township,_New_Jersey",,,,,,,,,,,,,,,,,,,,,,,,,,,,,,,,,,,,
Winslow,Camden,3400781740,township,unvisited,,,,,,"https://en.wikipedia.org/wiki/Winslow_Township,_New_Jersey",,,,,,,,,,,,,,,,,,,,,,,,,,,,,,,,,,,,
Wood-Ridge,Bergen,3400382570,borough,unvisited,,,,,,"https://en.wikipedia.org/wiki/Wood-Ridge,_New_Jersey",,,,,,,,,,,,,,,,,,,,,,,,,,,,,,,,,,,,
Woodbine,Cape May,3400981890,borough,unvisited,,,,,,"https://en.wikipedia.org/wiki/Woodbine,_New_Jersey",,,,,,,,,,,,,,,,,,,,,,,,,,,,,,,,,,,,
Woodbridge,Middlesex,3402382000,township,unvisited,,,,,,"https://en.wikipedia.org/wiki/Woodbridge_Township,_New_Jersey",,,,,,,,,,,,,,,,,,,,,,,,,,,,,,,,,,,,
Woodbury,Gloucester,3401582120,city,unvisited,,,,,,"https://en.wikipedia.org/wiki/Woodbury,_New_Jersey",,,,,,,,,,,,,,,,,,,,,,,,,,,,,,,,,,,,
Woodbury Heights,Gloucester,3401582180,borough,unvisited,,,,,,"https://en.wikipedia.org/wiki/Woodbury_Heights,_New_Jersey",,,,,,,,,,,,,,,,,,,,,,,,,,,,,,,,,,,,
Woodcliff Lake,Bergen,3400382300,borough,unvisited,,,,,,"https://en.wikipedia.org/wiki/Woodcliff_Lake,_New_Jersey",,,,,,,,,,,,,,,,,,,,,,,,,,,,,,,,,,,,
Woodland,Burlington,3400582420,township,unvisited,,,,,,"https://en.wikipedia.org/wiki/Woodland_Township,_New_Jersey",,,,,,,,,,,,,,,,,,,,,,,,,,,,,,,,,,,,
Woodland Park,Passaic,3403182423,borough,unvisited,,,,,,"https://en.wikipedia.org/wiki/Woodland_Park,_New_Jersey",,,,,,,,,,,,,,,,,,,,,,,,,,,,,,,,,,,,
Woodlynne,Camden,3400782450,borough,unvisited,,,,,,"https://en.wikipedia.org/wiki/Woodlynne,_New_Jersey",,,,,,,,,,,,,,,,,,,,,,,,,,,,,,,,,,,,
Woodstown,Salem,3403382720,borough,unvisited,,,,,,"https://en.wikipedia.org/wiki/Woodstown,_New_Jersey",,,,,,,,,,,,,,,,,,,,,,,,,,,,,,,,,,,,
Woolwich,Gloucester,3401582840,township,unvisited,,,,,,"https://en.wikipedia.org/wiki/Woolwich_Township,_New_Jersey",,,,,,,,,,,,,,,,,,,,,,,,,,,,,,,,,,,,
Wrightstown,Burlington,3400582960,borough,unvisited,,,,,,"https://en.wikipedia.org/wiki/Wrightstown,_New_Jersey",,,,,,,,,,,,,,,,,,,,,,,,,,,,,,,,,,,,
Wyckoff,Bergen,3400383050,township,unvisited,,,,,,"https://en.wikipedia.org/wiki/Wyckoff_Township,_New_Jersey",,,,,,,,,,,,,,,,,,,,,,,,,,,,,,,,,,,,
,,,,,,,,,,,,,,,,,,,,,,,,,,,,,,,,,,,,,,,,,,,,,,
,,,,,,,,,,,,,,,,,,,,,,,,,,,,,,,,,,,,,,,,,,,,,,
,,,,,,,,,,,,,,,,,,,,,,,,,,,,,,,,,,,,,,,,,,,,,,
,,,,,,,,,,,,,,,,,,,,,,,,,,,,,,,,,,,,,,,,,,,,,,
,,,,,,,,,,,,,,,,,,,,,,,,,,,,,,,,,,,,,,,,,,,,,,
,,,,,,,,,,,,,,,,,,,,,,,,,,,,,,,,,,,,,,,,,,,,,,
,,,,,,,,,,,,,,,,,,,,,,,,,,,,,,,,,,,,,,,,,,,,,,
,,,,,,,,,,,,,,,,,,,,,,,,,,,,,,,,,,,,,,,,,,,,,,
,,,,,,,,,,,,,,,,,,,,,,,,,,,,,,,,,,,,,,,,,,,,,,
,,,,,,,,,,,,,,,,,,,,,,,,,,,,,,,,,,,,,,,,,,,,,,
,,,,,,,,,,,,,,,,,,,,,,,,,,,,,,,,,,,,,,,,,,,,,,
,,,,,,,,,,,,,,,,,,,,,,,,,,,,,,,,,,,,,,,,,,,,,,
,,,,,,,,,,,,,,,,,,,,,,,,,,,,,,,,,,,,,,,,,,,,,,
,,,,,,,,,,,,,,,,,,,,,,,,,,,,,,,,,,,,,,,,,,,,,,
,,,,,,,,,,,,,,,,,,,,,,,,,,,,,,,,,,,,,,,,,,,,,,
,,,,,,,,,,,,,,,,,,,,,,,,,,,,,,,,,,,,,,,,,,,,,,
,,,,,,,,,,,,,,,,,,,,,,,,,,,,,,,,,,,,,,,,,,,,,,
,,,,,,,,,,,,,,,,,,,,,,,,,,,,,,,,,,,,,,,,,,,,,,
,,,,,,,,,,,,,,,,,,,,,,,,,,,,,,,,,,,,,,,,,,,,,,
,,,,,,,,,,,,,,,,,,,,,,,,,,,,,,,,,,,,,,,,,,,,,,
,,,,,,,,,,,,,,,,,,,,,,,,,,,,,,,,,,,,,,,,,,,,,,
,,,,,,,,,,,,,,,,,,,,,,,,,,,,,,,,,,,,,,,,,,,,,,
,,,,,,,,,,,,,,,,,,,,,,,,,,,,,,,,,,,,,,,,,,,,,,
,,,,,,,,,,,,,,,,,,,,,,,,,,,,,,,,,,,,,,,,,,,,,,
,,,,,,,,,,,,,,,,,,,,,,,,,,,,,,,,,,,,,,,,,,,,,,
,,,,,,,,,,,,,,,,,,,,,,,,,,,,,,,,,,,,,,,,,,,,,,
,,,,,,,,,,,,,,,,,,,,,,,,,,,,,,,,,,,,,,,,,,,,,,
,,,,,,,,,,,,,,,,,,,,,,,,,,,,,,,,,,,,,,,,,,,,,,
,,,,,,,,,,,,,,,,,,,,,,,,,,,,,,,,,,,,,,,,,,,,,,
,,,,,,,,,,,,,,,,,,,,,,,,,,,,,,,,,,,,,,,,,,,,,,
,,,,,,,,,,,,,,,,,,,,,,,,,,,,,,,,,,,,,,,,,,,,,,
,,,,,,,,,,,,,,,,,,,,,,,,,,,,,,,,,,,,,,,,,,,,,,
,,,,,,,,,,,,,,,,,,,,,,,,,,,,,,,,,,,,,,,,,,,,,,
,,,,,,,,,,,,,,,,,,,,,,,,,,,,,,,,,,,,,,,,,,,,,,
,,,,,,,,,,,,,,,,,,,,,,,,,,,,,,,,,,,,,,,,,,,,,,
,,,,,,,,,,,,,,,,,,,,,,,,,,,,,,,,,,,,,,,,,,,,,,